paper_id	doi
2056139949	10.2218/ijdc.v4i2.100
2153727195	10.1093/llc/fqp026
2400127256	10.1023/A:1002747531928
2021630470	10.2218/ijdc.v4i3.122
2111856253	10.1162/coli.2007.33.1.9
611329444	10.1045/november2009-inbrief
2168297987	10.1093/llc/fqr029
2398826694	
1485193791	10.1007/PL00021476
1968538280	10.1007/s00799-007-0009-6
2474424019	10.1162/COLI_a_00274
2020356977	10.1080/19386389.2011.570654
2963950738	10.1080/09296174.2017.1366095
1979725451	10.1045/september2012-leetaru
2044496989	10.1045/july2010-harnad
2093615805	10.1045/april2002-friedlander
267890481	10.1023/A:1002089109613
2243423944	10.1045/november2015-torvik
2064132491	10.1093/llc/fqn022
2016971174	10.1045/june2005-beagrie
2094099238	10.1080/19386389.2010.506389
2506977848	10.1007/s00799-016-0187-1
153854902	
2130072181	10.1162/089120100561692
2014055101	10.1007/s00799-004-0109-5
2137030823	10.1093/llc/fql002
2023427252	10.1007/s00799-008-0033-1
21081268	10.1023/A:1026475818476
2020460782	10.1080/09296174.2010.512161
2126282862	10.1093/llc/fqt043
2168547935	10.1023/A:1017549100097
2107887006	10.1093/llc/fqi025
2027472019	10.1080/09296174.2012.685305
2007687175	10.1045/july2007-littman
2044297850	10.1080/19386389.2011.629958
2156928086	10.1007/s00799-015-0153-3
2003614561	10.1080/09296174.2012.714538
1765847885	10.3389/fdigh.2015.00004
2100368767	10.1162/COLI_a_00162
2052905588	10.1007/s00799-004-0105-9
2040249782	10.2218/ijdc.v4i2.91
2056943063	10.1080/19386380903405165
2616283647	10.3389/fdigh.2017.00010
2110067056	10.1093/llc/fqw050
2167417018	10.1080/09296170903395924
2159457224	10.1162/coli_a_00034
2091117392	10.1162/COLI_a_00202
2121801714	10.1093/llc/fqp018
2562910494	10.1162/COLI_a_00278
1966173606	10.1045/july2013-wright
1982425031	10.1045/february2006-jerez
2159852928	10.1007/s00799-003-0066-4
2067776268	10.1093/llc/18.2.175
2154012505	
2002425574	10.1045/june2000-kresh
2085048451	10.1080/19386389.2012.652565
2039800183	10.1007/s00799-005-0127-y
2052697952	10.1080/09296174.2013.799910
2085294311	10.1080/09296174.2012.659003
2947539175	
1973590673	10.1093/llc/16.2.161
2078545337	10.1045/october2005-morgan
2001216625	10.2218/ijdc.v6i1.182
2172210022	10.2218/ijdc.v4i1.72
2003972142	10.1045/march2004-fang
2040075948	10.1093/llc/16.4.467
2002005878	10.1045/november2002-zia
2059505190	10.1080/09296174.2010.485450
2057960659	10.1007/s10579-004-8682-1
2026040448	10.1080/19386380903405074
2110783479	10.2218/ijdc.v3i1.42
1983288204	10.1076/jqul.10.2.193.16711
2068261913	10.1093/llc/fqu008
2109599904	10.1162/COLI_a_00203
2065938813	10.1080/10911360802087366
1997739353	10.1045/april2006-mckinney
2005336001	10.1045/april2001-liu
2045472625	10.1045/january2003-dobratz
2509531725	10.1007/s00799-016-0192-4
2963295431	
2011950632	10.1162/089120102762671945
2059026346	10.1045/march2001-gambles
2187434720	10.4995/var.2011.4579
2950967945	
2255708599	
2076421256	10.1007/s00799-005-0135-y
2001327846	10.1007/s00799-005-0133-0
2139032669	10.3366/ijhac.2011.0022
2398938478	
2843372662	10.1007/s00799-018-0251-0
1999937992	10.1093/llc/fqs033
1592220597	
1981080848	10.1093/llc/fqn016
2021568158	10.1162/COLI_a_00197
1991140088	10.1007/PL00021475
2120922864	10.1080/09296170802514187
1997105536	10.1045/september2005-bearman
1985234720	10.2218/ijdc.v8i1.246
2398452434	10.1045/may2004-goodchild
1782966390	10.2172/764964
2029344051	10.1162/COLI_a_00146
2114550122	10.1162/coli_a_00006
1998161216	10.1045/october2005-crane
2397890110	
2147939204	
2092260873	10.1080/19386380802398503
2056111196	10.1076/jqul.9.1.49.8482
2140295295	10.1093/llc/fqv028
1979189943	10.3366/ijhac.2011.0007
2011395968	10.1045/may2005-rydberg-cox
2138957265	10.2218/ijdc.v4i2.101
2077560392	10.3366/E1753854809000330
1987597775	10.1045/july2014-oldman
1543187076	
2115753373	10.1162/089120103321337467
2095925310	10.1162/coli.2007.33.2.229
2035695229	10.1007/s00799-004-0104-x
1560089879	10.1023/A:1022604723049
1546853291	
43048615	10.1023/A:1025779619903
1988781868	10.1045/july2006-lavoie
2091441737	10.1045/october2003-george
2991839344	
2963414181	
2084301656	10.1162/COLI_a_00159
2052474702	10.1162/coli.2006.32.2.159
2092654472	10.1162/089120103322753356
1979394198	10.1045/november2000-seadle
1236941600	10.1007/s00799-013-0106-7
2161383849	10.1162/089120102317341800
2004748917	10.1007/s00799-012-0079-y
2070698809	10.2218/ijdc.v9i2.335
1971210477	10.1045/november2013-simons
1982295240	10.1093/llc/17.4.413
1988343039	10.1093/llc/15.1.5
2095600826	10.1007/s00799-012-0092-1
2132502917	10.1162/coli.2008.34.4.627
2064199332	10.1045/july2009-papatheodorou
1981611149	10.1007/s00799-009-0052-6
2080237260	10.1093/llc/19.4.497
2024752355	10.1045/january2006-foulonneau
2270423142	10.1162/coli.2000.26.2.294a
2097806569	10.2218/ijdc.v4i1.86
2039664673	10.2218/ijdc.v6i1.173
2043906720	10.1045/may2000-rudner
1968365837	10.1045/january2010-hillmann
2032408861	10.1045/january2007-coyle
2093147670	10.1045/april2005-hammond
1982892676	10.1007/s00799-004-0096-6
1968176624	10.1162/coli_a_00011
2078533580	10.2218/ijdc.v4i3.117
1908479511	10.1162/COLI_a_00229
2058118445	10.1023/B:CHUM.0000031172.03949.48
2021099828	10.1080/09296174.2011.581848
2189291506	10.4995/var.2011.4606
2275957045	10.1093/llc/fqv037
1995998437	10.2218/ijdc.v9i1.304
1999157599	10.1007/s00799-005-0124-1
1550906504	10.1007/PL00021478
2168036300	10.1162/089120101753342662
1587302206	10.1023/A:1013115314064
2137527065	10.1162/coli.2006.32.3.341
1967611035	10.1093/llc/19.4.431
2101541586	10.1045/september2007-treloar
2033031404	10.1007/s00799-010-0058-0
2022225585	10.1045/march2001-vandesompel
1967737214	10.2218/ijdc.v4i2.95
2054056512	10.2218/ijdc.v4i2.103
1720739885	10.1162/089120104773633420
1967952574	10.1076/jqul.10.2.105.16712
2159637096	10.1162/coli.2010.36.1.36102
2170939614	10.1093/llc/fqi031
1994818975	10.1007/s00799-007-0017-6
2073739725	10.1080/09296170801961827
2614826968	10.1080/09296174.2011.533589
2096577288	10.1093/llc/fqs071
2292919134	10.1162/COLI_a_00300
2004487063	10.1045/november2010-byrne
2015056388	10.1162/coli_a_00018
2038110766	10.1045/april2003-lavoie
1971276189	10.1162/089120105775299122
2115883103	10.2218/ijdc.v2i2.30
2106120499	10.1093/llc/fqs003
2047026911	10.1045/january2006-kastens
2099719338	10.2218/ijdc.v9i1.319
1974760862	10.1045/july2013-allen-pt1
2088302852	10.1007/s00799-005-0116-1
2123906181	10.2218/ijdc.v3i2.63
1972949065	10.2218/ijdc.v6i1.168
2228837859	10.1162/COLI_a_00254
1990333589	10.1007/s00799-004-0079-7
2153560731	10.2218/ijdc.v2i1.11
2295158152	
1996696378	10.1007/s00799-014-0135-x
113659751	
2005203494	10.1045/march2003-witten
2050736886	10.1007/s00799-003-0069-1
2112756777	10.1162/COLI_a_00090
2950290539	
2033786417	10.1023/B:CHUM.0000009291.06947.52
2076003073	10.1045/july2013-allen-pt2
1968832436	10.1007/s00799-007-0015-8
2056422940	10.1007/s00799-015-0137-3
2025869052	10.1045/january2006-thompson
2130526143	10.4995/var.2012.4530
257652643	10.1007/s00799-015-0150-6
2404362882	
2083221524	10.1076/0929-6174(200004)07:01;1-3;FT019
1578024816	
2406734151	10.7939/R3PK07F52
2029334814	10.2218/ijdc.v7i2.232
2053831945	10.1080/19386380802397083
2565658851	10.1162/COLI_a_00277
1977539701	10.1076/jqul.9.2.125.8487
1990831160	10.1080/09296174.2013.830551
2024329330	10.1045/july2007-rieger
2113883364	10.1093/llc/fqt008
2107991567	10.2218/ijdc.v4i2.96
2103281055	10.1093/llc/fql018
2566592986	10.1045/july20september-gold-pt2
2045137705	10.1045/january2013-klein
2163687239	10.4995/var.2012.4402
2025865834	10.1080/0929617042000314958
1976872743	10.1007/s00799-007-0026-5
2132834642	
2809385385	
2025430896	10.1007/s00799-008-0042-0
2000233503	10.1093/llc/fql017
22567425	10.4403/jlis.it-4536
1973589994	10.1080/09296170500055293
2616448704	10.1080/09296170500055376
2295688218	10.1162/COLI_a_00249
2030194216	10.3366/ijhac.2011.0028
2126265869	10.1093/llc/fqs073
2050797400	10.1162/089120104773633376
66110438	10.1023/A:1002629217152
2093388402	10.2218/ijdc.v8i2.286
2117196536	10.1093/llc/fqu063
1996038205	10.1080/09296170512331383625
1977955240	10.1045/september2005-witten
2032021697	10.1162/COLI_a_00126
2180251487	10.4995/var.2013.4268
2040626662	10.1045/march2000-owen
2069075486	10.3366/ijhac.2011.0009
2156317276	10.4403/jlis.it-12
1541766214	
202683528	10.4403/jlis.it-10071
2013423429	10.1093/llc/fqn010
2111620957	10.1080/19386389.2012.652566
2122154247	10.1007/s00799-007-0014-9
2079957741	10.1093/llc/fql039
2052369743	10.1162/COLI_a_00086
2037276721	10.1093/llc/fqp024
2054709069	10.1045/may2007-hitchcock
2099851297	10.1162/coli.2009.35.4.35406
2113905872	10.1093/llc/fqv031
1981157019	10.1045/january2005-fox
2018762316	10.1045/april2002-weibel
1894075015	10.1162/COLI_a_00226
2106104503	10.1023/A:1025746505971
2049134996	10.2218/ijdc.v3i2.60
2070899469	10.1007/s00799-014-0128-9
2028587098	10.1080/09296170802326699
2081797125	10.1162/COLI_a_00073
2115680435	10.1093/llc/fqs036
2031335149	10.1080/09296170902975742
1967172308	10.1080/09296170701794278
2186815456	10.4995/var.2010.4680
2063277362	10.1093/llc/fql032
2963869850	10.1162/COLI_a_00266
2147218300	10.1162/COLI_a_00152
1964591498	10.1162/coli_a_00001
2020580672	10.3366/ijhac.2012.0036
2048207804	10.1162/089120102762671927
2010631179	10.2218/ijdc.v7i1.220
2052918223	10.1045/march2006-choudhury
2032660335	10.1076/0929-6174(200008)07:02;1-Z;FT129
2039262691	10.1093/llc/fqn004
2093519373	10.1023/B:CHUM.0000031184.28781.47
2160802179	10.1162/COLI_a_00169
2115167129	10.1162/089120102762671972
162269857	10.1023/A:1002633105432
2127339411	10.1162/COLI_a_00079
2604219849	10.1080/09296174.2017.1304049
2094799691	10.2218/ijdc.v4i3.120
2077507893	10.1007/s00799-011-0077-5
2405313958	10.4324/9781315576251-17
2003131523	10.1080/09296174.2011.556005
2293486942	
2807488797	10.3389/fdigh.2018.00015
2088429233	10.1045/june2001-reich
2000229798	10.1045/november2006-peterson
2105361480	10.2218/ijdc.v3i1.41
2136159041	10.1162/089120100750105957
2397646215	
2044563891	10.1007/s00799-004-0081-0
1555441041	
2023141023	10.1045/february2003-janes
2018865080	10.1093/llc/fqu020
2264738811	
2888643222	10.1162/coli_a_00336
2054447652	10.1080/09296170903395981
2172090160	10.1093/llc/fqp031
2514031637	10.1093/llc/fqw034
1982836019	10.1045/march2006-crane
166419126	10.1023/A:1002485918032
2072176586	10.1045/september2004-vandesompel
2046313472	10.1093/llc/fqi021
2063420976	10.1045/march2009-holley
2012377385	10.1080/19386389.2013.826076
1995251967	10.1045/january2000-redalen
2084054474	10.1093/llc/fqt015
2099758643	10.1093/llc/18.3.249
2014065740	10.1045/july2010-powell
2066715170	10.1080/09296174.2013.773140
2047383503	10.1093/llc/fql041
2159818719	10.2218/ijdc.v3i1.48
1996038579	10.1007/s007990050007
2115219227	10.2218/ijdc.v6i1.188
2164948578	10.1162/089120103321337458
2029430636	10.1080/19386389.2013.826075
2947745569	
2299334711	10.1023/A:1017507019909
1983835865	10.1045/february2002-weibel
1965473796	10.2218/ijdc.v6i1.178
2045132836	10.1093/llc/19.3.397
2026421491	10.1162/COLI_a_00151
2124519725	10.1007/s00799-004-0100-1
1970113530	10.1080/19386380903405173
2002070094	10.2218/ijdc.v3i1.52
2032092216	10.1007/s00799-008-0043-z
1979130520	10.1045/december2001-pinfield
2023856239	10.1080/09296174.2012.638797
2049107599	10.1007/s007999900023
2947146674	
2597065118	10.1045/march2017-kindling
2110003247	10.4995/var.2012.4541
2091382812	10.3366/ijhac.2009.0014
2056898670	10.1080/09296170802326640
2061082568	10.1045/may2014-daquin
2149623920	10.1023/A:1025071200644
2772849153	
1991324103	10.1093/llc/fqq004
1981704611	10.2218/ijdc.v6i2.197
2613249523	10.1045/october2000-montgomery
2004561167	10.1162/0891201042544910
325310379	10.1023/A:1017569003556
2525058744	10.1162/COLI_a_00263
1984457875	10.1007/s00799-012-0086-z
2127192518	10.1093/llc/fqr033
1987599548	10.1076/jqul.9.1.77.8479
1880987886	10.1162/COLI_a_00245
1987928678	10.1045/january2009-denenberg
2037165225	10.1045/may2006-arko
2169789327	10.1162/089120100750105948
2080891032	10.1045/february2006-vanderwerf
2007512902	10.1007/s007990000038
2147528976	10.1162/COLI_a_00153
2168494718	10.1007/s00799-003-0064-6
2086002666	10.3929/ethz-a-006687003
2113064181	10.1007/s00799-014-0115-1
2000836527	10.1080/10911360802087317
2086246429	10.1076/0929-6174(200004)07:01;1-3;FT065
2102358483	10.1045/march2011-diekema
2395366808	10.1007/s00799-016-0172-8
2026842990	10.1045/may2012-simons
2077734359	10.2218/ijdc.v1i1.2
2121322488	10.1007/s00799-005-0125-0
2132795322	10.1007/s00799-012-0080-5
2264949490	10.1093/llc/fqv047
2242862111	10.5281/zenodo.50899
104168967	
2091319937	10.1162/coli.07-031-R2-06-98
1999889451	10.1023/B:CHUM.0000031083.26339.d4
2037884508	10.1162/COLI_a_00133
2400447471	
2040111607	10.2218/ijdc.v7i2.208
2892113306	
1971579776	10.1162/COLI_a_00149
2278690199	10.1080/09296174.2015.1071148
2024945704	10.1045/october2005-custard
1966737078	10.1162/coli.B09-001
2064539579	10.1093/llc/fqm018
2795439700	10.1162/coli_a_00314
2058777161	10.1007/s00799-012-0085-0
1989588307	10.1080/19386380903095107
2037151274	10.1080/09296170802326681
1979414667	10.1093/llc/fqn018
1597635189	10.1007/s10579-004-1948-9
2084105614	10.1162/coli.2007.33.1.3
2065024936	10.2218/ijdc.v7i1.218
2153654839	10.1023/A:1025067132504
1978074971	10.1045/september2010-cramer
2057208313	10.1093/llc/17.2.245
2009723579	10.1093/llc/fqs068
2089323118	10.1080/09296174.2013.799914
2172279581	10.1162/coli.2008.07-002-R1-06-30
2051342612	10.1045/july2008-guenther
1973962466	10.1045/may2003-bollen
2169331210	
2047712922	10.2218/ijdc.v8i1.252
2077430504	10.1080/09296174.2012.685302
2024882820	10.1007/s00799-003-0052-x
1978992904	10.2218/ijdc.v4i1.81
1973833378	10.1045/march2000-moore-pt1
2153475516	10.1093/llc/19.2.221
2166757515	10.1162/COLI_a_00114
2170839734	10.1093/llc/fqi029
1968001853	10.1045/june2002-bollen
1970134017	10.1093/llc/fqp035
2948534643	
2190988271	10.3389/fdigh.2015.00006
2045463623	10.1045/may2011-wolski
2092371627	10.1076/jqul.7.3.201.4108
2164359605	10.1162/coli.08-032-R1-06-96
2951076017	
2121653205	10.1007/s10579-004-1919-1
2001331035	10.1045/july2004-beagrie
2008381544	10.1080/09296170802159439
2296881200	10.3389/fdigh.2016.00003
170186150	10.4324/9781315576251-13
2014516359	10.1162/089120103322711569
2053158155	10.1162/coli.2006.32.2.273
2108414000	10.1076/jqul.8.3.187.4095
2114580249	10.2218/ijdc.v4i1.76
2004825722	10.1007/s00799-003-0068-2
2123782276	10.1162/COLI_a_00108
2003926330	10.1093/llc/fqn023
1587479078	10.1162/coli.2004.30.2.247
1973723819	10.3366/E1753854809000433
2091950237	10.1162/coli.2008.34.3.319
2157223933	10.1162/COLI_a_00138
1995885353	10.1045/november2010-guo
2114657155	10.1162/089120100561656
2560014971	10.1162/COLI_a_00284
2140676672	10.1162/coli.2008.34.1.1
2001683489	10.1045/march2013-schopfel
1969075471	10.1080/09296174.2011.533592
2078244995	10.1162/COLI_a_00076
2083377627	10.2218/ijdc.v4i2.106
2954992139	
2024592335	10.1162/COLI_a_00107
2045575289	10.1045/january2015-assante
2172049357	10.1007/s00799-007-0030-9
1486657297	10.1023/A:1002467221920
2024245102	10.1080/09296170500500843
1505524995	10.1023/A:1022673822140
2165191067	10.1093/llc/fqq028
2176349895	10.1093/llc/fqv039
2048941718	10.1045/september2006-recker
2059659390	10.1093/llc/18.3.261
2003314968	10.1045/march2008-marshall-pt1
2038651387	10.1093/llc/18.1.89
2167393476	10.1162/coli.2010.36.2.09054
2770425098	
2102909046	
2169813772	10.1162/coli.08-003-R1-07-044
2061331533	10.2218/ijdc.v4i3.118
2997851677	10.1007/s007990050004
2006379597	10.1045/march2003-pinfield
2041906844	10.1045/november2011-powell
1971292368	10.2218/ijdc.v9i1.318
2006832571	10.1093/llc/fqt031
38613247	
2133694651	10.4403/jlis.it-4603
2106702816	10.1093/llc/fqu056
2163715482	10.2218/ijdc.v3i2.57
2121417252	10.1093/llc/fqv005
2020696732	10.1045/july2004-lavoie
1998959072	10.1045/march2010-king
2089789677	10.1093/llc/15.4.433
2161580566	10.1162/coli.2008.34.4.471
2248605503	10.1093/llc/fqv049
1990227204	10.1007/s00799-014-0124-0
2268329338	10.5281/zenodo.32412
2060744706	10.1045/april2005-lund
2404329716	
2007133139	10.1080/09296174.2011.533586
2052644753	10.1045/january2013-rumianek
2220914516	
2059084416	10.1045/january2015-henderson
2061556833	10.1045/july2001-vandesompel
2012446639	10.1162/coli.2007.33.2.283
1970112429	10.1045/february2001-choudhury
1980171941	10.1045/may2009-hemminger
2074302780	10.1093/llc/16.4.403
2145534118	10.1007/s00799-015-0139-1
2095371501	10.1045/june2006-smith
2029609862	10.1045/january2002-kenney
2149276927	10.2218/ijdc.v4i1.80
2068517827	10.1080/09296170902734164
2110252458	10.4121/uuid:65a06005-d910-40ea-9a77-c4f142d40bb0
2002034243	10.1080/19386389.2011.570662
2152243207	10.1093/llc/fqn035
2084046180	10.1162/COLI_a_00049
2017554545	10.1093/llc/17.1.37
2109600226	10.1162/089120105774321109
1997047003	10.1080/19386380903095099
1435971189	10.1023/A:1002450818285
2048802880	10.1007/s00799-003-0072-6
2086987815	10.1007/s00799-003-0067-3
2052028938	10.1093/llc/18.4.341
2141474942	10.1045/february2003-goodrum
1973357422	10.2218/ijdc.v9i1.303
1998786856	10.1045/february2001-thibodeau
2001299546	10.1093/llc/17.2.231
1999641815	10.1007/s00799-010-0061-5
2113717804	10.1093/llc/fql037
1976119095	10.1045/june2005-lee
2037515122	10.1007/s00799-009-0057-1
2161224351	
1983503745	10.1007/s00799-009-0054-4
2133203418	10.1162/COLI_a_00122
2163796172	10.1076/jqul.8.1.67.4094
2058099477	10.1080/09296170500500603
2046157830	10.1045/may2002-sullivan
1978217038	10.1093/llc/fqi063
2105897558	10.1162/coli.2009.35.4.35402
2153171635	10.1093/llc/fqs010
1969733229	10.1045/march2006-cohen
2151478938	10.1007/s00799-011-0067-7
1989292482	10.1080/09296174.2011.638792
2081296803	10.2218/ijdc.v7i1.224
2108519090	10.1045/november2006-organ
2101493333	10.1162/COLI_a_00168
2066096880	10.3366/ijhac.2014.0109
1593082776	10.1023/A:1020201615753
2116125045	10.1023/A:1002454919194
2040698034	10.1080/19386389.2010.506400
1980366261	10.1162/089120100750105966
2144570265	10.1162/COLI_a_00110
1968004731	10.1045/july2008-hirtle
2119408773	10.1162/COLI_a_00221
2133900200	10.2218/ijdc.v4i2.92
2889788424	10.1162/coli_a_00339
2062029084	10.1045/february2003-penka
2325553602	10.1093/llc/fqv067
2549143676	10.3389/fdigh.2017.00008
1971320275	10.1007/s00799-004-0107-7
2022247355	10.1007/s00799-007-0032-7
2562321483	10.1007/s00799-016-0201-7
2125450853	10.1162/COLI_a_00115
2481416468	
2083390620	10.1080/19386380903405207
2084910698	10.1093/llc/fql044
2010423034	10.1162/coli.2007.33.4.477
2294094610	10.1162/COLI_a_00243
1607989864	10.1023/A:1016160114582
2161431581	10.1080/09296174.2012.638796
1964331935	10.1162/coli.35.3.469
2407882504	
2560778841	10.1162/COLI_a_00275
2602773960	
2131406793	10.1093/llc/fqq017
1968029619	10.2218/ijdc.v3i2.66
2045478331	10.1080/09296170701378916
2117890494	10.4995/var.2013.4321
2087728737	10.1080/09296170500055384
2102740098	10.4995/var.2012.4537
1966413724	10.1045/july2012-herrmannova
1994200883	10.1080/09296174.2012.714534
2049001907	10.1007/s00799-003-0061-9
2088980200	10.1045/november14-klampfl
1484042991	10.1023/A:1002075505432
1963832348	10.1023/B:CHUM.0000031173.25446.37
2123854454	10.2218/ijdc.v2i2.25
2498406963	10.1045/march2000-coyle
2021891992	10.2218/ijdc.v4i3.116
2082045474	10.2218/ijdc.v2i1.14
11244516	10.1023/A:1002630710402
1562804680	
2134568263	10.1162/coli.2007.33.1.63
2147337269	10.2218/ijdc.v7i1.212
2083720130	10.1093/llc/17.2.207
1993410041	10.1080/09296174.2010.512160
2160133849	10.1093/llc/fqs013
2964068744	
2118095865	10.1093/llc/fqq019
2162991343	10.1093/llc/fqs057
2158691303	10.2218/ijdc.v4i1.79
2202928999	
2039581305	10.1093/llc/18.2.151
2122891518	10.1045/july2000-eppard
1969990551	10.1045/september2005-lynch
2027968180	10.1045/september2007-mcdonald-overview
2040851079	10.1080/19386389.2010.524864
2106657366	10.1162/COLI_a_00137
1984247767	10.1045/may2010-wenqing
2109830295	10.1162/coli.2006.32.3.379
2963095156	10.1162/COLI_a_00293
226610335	
2767878895	10.1007/s00799-017-0230-x
1972878324	10.1045/september2012-manghi
2080055542	10.1007/PL00021468
2095069785	10.1093/llc/fqq001
2015537768	10.1045/june2002-shabajee
2006587457	10.1162/COLI_a_00098
2181880174	
2169048685	10.1007/s00799-014-0123-1
2006191288	10.1162/COLI_a_00246
2053967177	10.1093/llc/16.4.421
2031185992	10.1007/s007990050014
2033599040	10.1162/COLI_a_00178
2146793826	10.1093/llc/fqr031
2066216990	10.1093/llc/fqm006
1974932599	10.3366/ijhac.2015.0136
2164645230	10.1162/COLI_a_00160
2092977545	10.1162/COLI_a_00058
2152581604	10.1162/COLI_a_00167
2052409349	10.1045/march2009-canos
2081504460	10.1080/19386389.2012.699834
6503115	10.1023/A:1002476823351
2124416056	10.1162/089120103322711604
2070584210	10.1045/november2001-prinsen
2057301382	10.1093/llc/fqt018
2402899027	
1968780328	10.1080/19386389.2014.891892
2167904823	10.1093/llc/fql011
2016465054	10.1045/december2002-king
1936201158	10.2139/ssrn.1739282
1971009218	10.2218/ijdc.v4i2.107
2089967240	10.1045/june2003-miller
2066350122	10.1080/09296174.2012.659000
2040799618	10.1045/july2009-munoz
97355661	
1494080438	10.1007/s00799-015-0157-z
1987115230	10.1045/december2005-johnson
1968000656	10.1080/09296174.2011.608607
2120112909	10.1080/09296170600850106
2297137999	10.3366/ijhac.2016.0161
2615120776	10.1162/089120104773633402
2081390777	10.2218/ijdc.v9i1.299
1592381037	10.1023/A:1013163229994
2033477251	10.1076/jqul.10.1.41.16549
2402863071	
2479896754	
2077994154	10.1045/march2005-bartolo
2483476375	
2010751300	10.1023/B:CHUM.0000009290.14571.59
2012241736	10.1080/09296170701514197
2170869176	10.1162/089120105775299140
2126211701	10.1080/09296170500500637
288261489	10.4995/var.2011.4546
2087497155	10.1007/s00799-003-0060-x
2144719390	10.1162/COLI_a_00077
2116477725	10.1093/llc/fql040
2041741339	10.1076/jqul.8.1.1.4091
2398506698	
2116615145	10.1162/089120103322145324
2437005631	10.1162/coli.2007.33.2.201
1995228463	10.1045/july2006-ross
2171538950	10.1023/A:1016178200469
2025214515	10.1162/089120100561719
1540062415	10.1023/A:1021895322291
2157354643	10.1162/COLI_a_00227
1987881045	10.2218/ijdc.v10i1.360
143727535	10.1023/A:1002463121011
2024561884	10.1076/jqul.7.3.233.4105
2072414432	10.1045/july2003-baker
2293652637	
2075423558	10.1080/09296170902975700
1490578263	
2052282569	10.1007/s00799-009-0056-2
2170471032	10.1162/089120103322753365
1548236037	
2112642950	10.1162/089120103322711613
1987242992	10.1045/july2000-wilensky
2782230926	
2155712036	10.1162/COLI_a_00051
2140397750	10.1093/llc/fql036
2025202991	10.1080/19386389.2011.545006
2087263900	10.1045/october2000-zia
2623988670	10.1093/llc/fqx006
2073911115	10.1007/s00799-008-0049-6
2116512345	10.1162/COLI_a_00163
2093366816	10.1023/B:CHUM.0000009278.73498.f4
2009337656	10.2218/ijdc.v3i2.64
2136403855	10.1045/july2011-schrier
2186269190	10.4995/var.2010.4750
2063597751	10.1080/09296170500500850
2618347298	10.4995/var.2017.6321
1993678109	10.1080/09296174.2014.882187
2182160654	10.4995/var.2010.4682
2054186732	10.1080/19386380802627109
1987100463	10.1045/april2002-mcclelland
2154334459	10.1093/llc/fqp002
2032110119	10.2218/ijdc.v7i2.226
23457074	10.1023/A:1002620720223
1999541030	10.1045/july2004-giersch
2144977042	10.1093/llc/fqs064
2402719808	
2046440237	10.1045/march2010-waibel
1981250005	10.2218/ijdc.v6i2.201
2105230347	10.1093/llc/fqq006
2025541727	10.1045/december2000-severiens
1483771539	
2051029090	10.1007/s00799-014-0110-6
2012561700	10.1162/089120105774321091
2161539943	10.1080/19386380903176063
2588327899	10.3389/fdigh.2017.00004
2058891443	10.2218/ijdc.v6i2.190
2144373529	10.1162/COLI_a_00209
2134273450	10.1093/llc/fqq018
2073722223	10.1045/september2002-galloway
2001326557	10.1007/s00799-007-0023-8
2011467533	10.1045/july2012-patton
2404358816	
2118129210	10.1093/llc/fqu018
1984897879	10.1045/october2003-krowne
2082199086	10.1045/january2007-markey
2150441566	10.1045/january2010-koutsomitropoulos
2108545867	10.1093/llc/fql043
1973472718	10.1093/llc/fqp006
1942675678	
2064942698	10.1093/llc/fqn013
2040850537	10.2218/ijdc.v4i1.75
2005620094	10.2218/ijdc.v7i1.210
2043014546	10.1045/september2007-mcdowell
2186894932	
2429968894	10.1162/COLI_a_00257
2078451557	10.2218/ijdc.v9i1.290
2598515261	10.1162/COLI_a_00285
2031253971	10.1093/llc/fqn015
2166300517	10.2218/ijdc.v5i1.144
1536601200	
2056964667	10.1080/19386389.2010.524863
1980720772	10.1007/s00799-014-0109-z
2041538602	10.1093/llc/17.1.1
2000823111	10.1045/june2001-erickson
2102787404	10.4995/var.2011.4556
2017747999	10.1007/s00799-003-0063-7
2402636476	
1984811107	10.1080/09296174.2014.882184
2075174955	10.1076/jqul.8.3.175.4096
2117084652	10.1162/0891201042544938
2008697676	10.1045/january2010-reilly
2137569301	10.1045/january2008-anderson
2115983295	10.1023/A:1002497503122
355652020	10.1023/A:1002771203624
2123139556	10.1093/llc/fqq016
2948186886	
2086202918	10.1162/coli.2007.33.3.293
2118582923	
2092743872	10.1080/09296174.2011.533591
2804801821	10.1007/s00799-018-0239-9
2060711450	10.2218/ijdc.v2i1.17
2122114517	10.1093/llc/16.1.29
2106479902	10.1080/09296174.2010.512168
2029819673	10.1162/coli.2006.32.4.577
2077260392	10.1080/09296170600855444
2132559335	10.1093/llc/fqr013
2071502426	10.1045/october2001-kahle
2093692255	10.1045/november2012-knoth
2003681401	10.1045/january2008-ceri
2411000670	10.4995/var.2016.4241
1993610807	10.1093/llc/18.2.209
2155023705	10.1080/09296170600850064
1973554348	10.1045/november2009-kulovits
2144341439	10.1162/coli.2009.35.4.35407
2130307546	10.1007/s007990000034
2052574270	10.1045/october2002-montgomery
2140016149	10.1162/089120105775299177
2011061201	10.1080/19386389.2012.652569
2080040331	10.1045/december2005-shirky
2060782074	10.1007/s00799-014-0125-z
2403741760	
2019868169	10.1045/april2003-staples
2520855119	10.1045/september2016-mishra
2012026529	10.1045/january2015-silvello
2147533843	10.1007/s00799-005-0132-1
1668336853	
2143688162	10.1080/09296170801961801
2151552691	10.1162/089120102762671963
1577842164	10.1007/s10579-004-1917-3
2035006990	10.1045/may2001-brand
2134449892	10.1093/llc/fqt049
1993631629	10.1045/february2001-nelson
2027046728	10.1093/llc/17.2.157
2063932572	10.1045/may2000-kaser
2116983617	10.1162/coli_a_00037
2058132426	10.1007/s00799-007-0013-x
2074520033	10.1093/llc/fqu055
2072540768	10.2218/ijdc.v4i1.78
2116555906	10.1162/coli.2007.33.4.553
2120154746	10.1093/llc/fqr022
2226851290	
1863916568	10.1093/llc/fqv045
2139196901	10.1007/s00799-008-0035-z
1994482570	10.2218/ijdc.v7i1.219
2126362743	10.1080/09296174.2013.773141
2130054282	
1623415656	
2029797029	10.1007/s00799-003-0057-5
2238459502	10.1007/s00799-015-0166-y
2031235744	10.1045/january2003-rinehart
2010423334	10.1007/s00799-012-0098-8
1970195330	10.1162/089120100561674
1991856974	10.2218/ijdc.v9i2.334
2963436931	
2005798670	10.1080/19386389.2013.831277
2030901386	10.3366/ijhac.2014.0095
2167194144	10.1162/COLI_a_00215
2171230211	10.2218/ijdc.v9i1.311
2087363941	10.1045/may2011-allen
1496244283	10.1023/A:1016170031420
2166872747	10.2218/ijdc.v8i1.242
2104768379	10.1093/llc/15.4.445
2037936457	10.1045/february2004-bekaert
2119899663	10.1162/089120102317341765
2123893795	10.1162/089120101750300526
2045114155	10.1045/september2008-uzwyshyn
1997424273	10.1093/llc/15.2.187
2948690581	
2119383334	10.1080/09296171003642983
2046864091	10.1045/january2000-moll
2117936783	10.1045/september2001-suleman-pt1
2104518121	10.1093/llc/fqs035
2052629681	10.1007/s00799-007-0012-y
2105508197	10.1162/coli.2007.33.1.105
2038175636	10.1045/july2004-coleman
2080350965	10.1080/09296171003643205
1990479500	10.1093/llc/16.4.353
1997423738	10.1007/s00799-014-0122-2
2065065539	10.1045/november2002-coleman
1973042921	10.1162/089120102762671981
2145964553	10.1162/089120101753342671
2128870637	10.1162/coli_a_00016
2029086132	10.1162/COLI_a_00170
2038930652	10.1080/09296174.2012.754597
2181830759	10.1162/COLI_a_00233
1461677342	10.1007/s00799-004-0097-5
2019481684	10.2218/ijdc.v8i1.260
1836814292	10.1023/A:1021839220474
2042140475	10.1093/llc/18.1.39
2595460204	
2038354447	10.2218/ijdc.v6i2.207
2038809541	10.1093/llc/fqh049
2150959203	10.1093/llc/fqu040
2138259034	
2045530841	10.1045/june2006-zeng
1970948046	10.1093/llc/fqt066
2040271903	10.1007/s007999900014
2097460127	10.1093/llc/fqh042
46228712	10.1023/A:1011851209975
1972581523	10.2218/ijdc.v10i1.351
2169147927	10.1162/COLI_a_00050
2036369947	10.1093/llc/19.3.253
2022292466	10.1080/09296170701794260
2048592733	10.1045/september2007-smith
2158847908	10.1162/0891201053630264
2069196424	10.1162/coli.2008.34.1.81
1986137162	10.1045/march2008-lavoie
2088111674	10.1045/december2003-chu
2125757842	10.1023/A:1026594916008
2165494755	10.1007/s00799-012-0100-5
1518373311	10.1007/s10579-004-1926-2
2159832867	10.1162/COLI_a_00236
2093945628	10.1080/19386380802627117
2024730868	10.1080/09296174.2012.685304
2116254016	10.1007/s00799-007-0019-4
1854884267	10.1162/COLI_a_00237
2002881919	10.1045/september2005-westrienen
2155420191	10.1093/llc/fqs063
2054151502	10.1093/llc/fqm020
1518226001	
2135067197	10.2218/ijdc.v8i2.274
2032005977	10.1045/january2014-berman
1968542239	10.2218/ijdc.v3i1.38
2046286207	10.1045/march2009-hank
2086297729	10.1162/coli.07-036-R2-06-22
2041175703	10.1045/january2011-aalbergsberg
2011451199	10.1045/january2003-paskin
2159947192	10.1093/llc/fqr034
2031014895	10.1093/llc/fqh044
2145088064	
2158428778	10.1162/COLI_a_00074
1996688545	10.1045/december2004-godby
2081720161	10.1045/september2002-morse
2254209420	
2527856081	10.2218/ijdc.v11i1.401
2011804958	10.1093/llc/fqr001
2136894964	10.1007/s00799-005-0131-2
2010576059	10.1162/coli.2009.35.4.35403
2245656949	
2058634680	10.2218/ijdc.v9i2.325
2168265764	10.1080/09296170500055301
1983582289	10.1162/COLI_a_00184
2950776699	
2076958257	10.2218/ijdc.v3i2.58
2947287920	
1975681629	10.1045/january2008-klijn
2123215530	10.1162/coli.08-010-R1-07-048
2163224477	10.1093/llc/fql035
1978620866	10.1162/coli.2008.34.2.145
2109165106	10.1162/COLI_a_00132
2063900924	10.3366/ijhac.2014.0130
2168963480	10.1045/march2011-seaman
1504718005	10.1023/A:1025039611798
2140949990	10.1007/s00799-011-0065-9
2800335444	10.3389/fdigh.2018.00006
1981406742	10.1045/november2012-zarro
1967022257	10.2218/ijdc.v2i1.15
2157633660	10.4995/var.2014.4218
2038253946	10.1093/llc/fqu047
2096215346	10.2218/ijdc.v6i2.199
2158304679	10.2218/ijdc.v5i1.149
2070484325	10.1007/s00799-012-0094-z
2080947873	10.1162/coli.2009.35.2.119
2016885059	10.1080/09296174.2011.581850
2044285836	10.2218/ijdc.v5i1.146
2129909699	10.1162/COLI_a_00085
2028815875	10.1007/s007990000037
1989932697	10.1007/s00799-007-0031-8
2036701449	10.1045/june2001-iannella
2154603347	10.1045/may2007-weig
2143438513	10.1162/089120100561593
1994531539	10.1080/09296174.2010.512170
2045456561	10.1080/09296170600850544
2166391512	10.1162/089120101317066122
2080571106	10.1045/july2000-arms
2142687753	10.1093/llc/16.2.135
2962772384	10.1162/COLI_a_00265
2054984242	10.1045/november2003-muller
2520326549	10.1045/september2016-meschenmoser
146646739	10.1023/A:1002419305990
1999357363	10.1045/november2008-gazan
2151030333	10.1162/COLI_r_00055
2114097960	10.1093/llc/fqt002
2074608334	10.1007/s00799-004-0108-6
2038098415	10.1007/s00799-011-0076-6
2253133642	10.1093/llc/fqr028
1534410224	
2049278452	10.1093/llc/fqq003
2026317555	10.1045/november2012-fleet
1507727839	10.1023/A:1017941320947
2001484875	10.1080/09296170500500884
2078817043	10.1080/09296174.2011.608606
2164617624	10.1080/19386389.2014.909670
2153151269	10.1162/COLI_a_00217
2125736336	10.1093/llc/fqm025
2328279510	10.1162/COLI_a_00242
2963537473	
1993844325	10.1162/COLI_a_00210
2032750552	10.1045/july2000-crane
2075826340	10.1093/llc/fqp009
2086998125	10.1080/09296170802326657
2066417382	10.1045/november2007-waugh
2765942132	10.1080/09296174.2017.1373991
2109495508	10.2218/ijdc.v3i1.47
2183003714	10.4995/var.2011.4605
2145903624	10.1080/09296170500055350
2032520544	10.1007/s00799-013-0105-8
2809161927	10.1007/s00799-018-0246-x
2068371547	10.1007/s007990100040
1969638885	10.1045/april2006-dempsey
2947450876	
2254860479	
2006539462	10.1080/09296174.2013.799912
2056162765	10.1007/s00799-005-0122-3
2165431734	10.1162/089120100750105920
2084008832	10.1076/jqul.8.2.101.4104
2963650423	10.1093/llc/fqx059
2166656616	10.1162/coli.2006.32.2.195
2148959489	10.1093/llc/fqi039
2082847960	10.1045/january2010-park
2036577990	10.1045/october2003-henry
2159636675	10.1162/coli.2007.33.3.355
1986958398	10.1080/19386380802373936
2020488035	10.1045/september2013-osborne
2096601602	10.1093/llc/fql020
2073752516	10.1045/june2006-wojick
2016772587	10.1045/february2000-risher
2577232253	10.1007/s00799-016-0206-2
2053124328	10.1080/19386380802656371
2178665133	10.3389/fdigh.2015.00005
2083688575	10.1007/s00799-008-0034-0
2038324640	10.1162/coli.2008.34.2.257
2023691785	10.2218/ijdc.v4i2.105
2063008746	10.2218/ijdc.v9i1.320
2008122207	10.1045/november2011-gerolimos
2115968643	10.1162/coli.09-036-R2-08-050
2793809357	10.1080/19386389.2018.1440927
2119559136	10.1007/s00799-010-0059-z
2112652344	10.1162/089120104323093276
2073547318	10.1045/january2000-chandler
2074504299	10.1162/COLI_a_00080
2071860408	10.1007/s007990100045
1966540472	10.1080/09296170903211501
2159542523	10.2218/ijdc.v7i1.221
2102589894	10.1080/0929617042000314921
2008840217	10.2218/ijdc.v5i1.140
2070536585	10.1162/coli_a_00039
2168226198	10.1162/089120101750300517
2120306339	
2021151961	10.1162/coli.2008.07-028-R2-05-82
2048030917	10.1045/september2007-gold-pt2
1977517503	10.1162/coli_a_00008
2013940188	10.1093/llc/fqu035
2405438722	
2156635457	10.1162/089120102760173634
2089970697	10.1045/january2007-gladney
2305312316	10.1162/COLI_a_00244
2123697931	10.2218/ijdc.v3i1.39
1573149547	10.1023/A:1002632712378
2062360099	10.2218/ijdc.v2i1.18
2146960494	10.1162/COLI_a_00195
1965054540	10.1045/january2004-holmstrom
1563991461	
2622834146	10.1093/llc/fqx012
2009752265	10.1045/july2012-kern
2076238261	10.1080/19386389.2010.506379
1494192578	
1978691723	10.1007/s00799-012-0078-z
2291963777	10.1093/llc/fqv042
2605874888	10.1007/PL00021471
2157567267	10.1080/09296174.2011.581849
2405681555	
2009156021	10.1162/coli_a_00009
2916648700	10.1076/jqul.10.1.1.16550
2121357917	10.1162/089120103322711596
1972458248	10.1007/s007999900022
2090867590	10.1080/09296174.2010.485445
2087082263	10.1045/july2007-hagedorn
2400244588	
2070573790	10.1045/june2005-bekaert
1796112755	10.1162/COLI_a_00258
2138030222	10.1162/089120101753342644
1990907222	10.1093/llc/fqh043
2262357836	10.1093/llc/fqv021
2101837219	10.1162/089120101317066104
2178958302	
2082589987	10.1045/february2000-vandesompel-oai
2133702079	10.1162/089120102760276018
2116705992	10.1162/COLI_a_00057
2096646663	10.1162/089120103321337430
2012034170	10.1076/jqul.8.3.233.4097
1985905742	10.1045/june2006-teets
2037912622	10.2218/ijdc.v6i2.203
1989678401	10.1093/llc/fqt035
2010641896	10.2218/ijdc.v10i1.344
2041590040	10.1045/november2002-liu
2168801328	10.1162/089120103322711587
2084996356	10.2218/ijdc.v8i2.268
1531306728	
2169236946	10.1007/s00799-010-0060-6
2122304206	10.1007/s00799-007-0018-5
1972506014	10.1093/llc/fqt034
2149179161	10.1093/llc/fqm044
1964010138	10.1045/april2006-sale
2087903839	10.3366/ijhac.2009.0009
2083062532	10.1080/19386380903543734
2082006264	10.1045/september2001-wake
28916185	10.4995/var.2012.4396
1583809907	
2022927270	10.1045/may2007-saidis
1974827250	10.2218/ijdc.v2i2.34
2591118073	10.3389/fdigh.2017.00005
2054833861	10.1093/llc/19.3.265
2706442245	10.1007/s00799-011-0072-x
2084093782	10.1007/s00799-014-0116-0
2147638277	10.1162/COLI_a_00097
2397899540	
2153072998	10.1162/089120104773633402
2146111747	10.1162/coli.08-012-R1-06-90
2325989987	10.1093/llc/fqw007
2008574999	10.1045/september2001-flecker
2089890029	10.1045/january2013-burns
2151170651	10.1162/089120102760275983
2014016891	10.1007/s007990100043
2106121453	10.1162/coli.2007.33.1.41
2023356897	10.1007/s00799-006-0005-2
2087113746	10.1045/july2006-greenberg
1988884067	10.1007/s00799-008-0047-8
2396370376	
2026191715	10.1162/coli_a_00004
1964495537	10.1045/october2005-awre
2693506744	
2051971663	10.1080/10911360802087358
2140148956	10.1162/089120104773633385
2075659194	10.1162/COLI_a_00061
2079889591	10.2218/ijdc.v6i1.186
2154131892	10.1023/A:1002471322828
2076508607	10.1080/09296174.2013.773138
1559065557	10.1023/A:1013111213156
2087536838	10.1080/09296170600850601
2045039667	10.1007/s00799-012-0083-2
2065894497	10.1045/july2001-snowhill
2043228377	10.1045/november2007-phillips
1976832925	10.1080/19386389.2010.506376
1930176176	10.1162/COLI_a_00228
1989548129	10.1045/november2005-lagoze
2082495082	10.3366/E1753854809000408
2060660576	10.2218/ijdc.v2i1.21
1487298676	10.1023/A:1013197332458
2142233105	10.1093/llc/fql049
1981333922	10.1045/november2003-bekaert
2947232351	
1997308882	10.1162/0891201054224002
2062813286	10.1093/llc/17.3.311
2093979138	10.1093/llc/fqn005
1974575094	10.1162/COLI_a_00144
2127325222	10.1162/089120103321337449
2144931708	10.1162/COLI_a_00083
2017205656	10.2218/ijdc.v4i3.127
1499512545	
2005181355	10.1162/coli.2007.33.2.161
2101125414	10.1007/s00799-003-0070-8
2158359079	10.1093/llc/fqu001
2138539908	10.1007/s00799-004-0111-y
2052217140	10.1093/llc/fqr005
1988503030	10.1045/december2004-hammond
1606555179	
2164455818	10.1162/089120101753342653
2038461985	10.2218/ijdc.v10i1.361
2781710621	10.17605/OSF.IO/MJK9T
1989253987	10.1162/089120101753342680
2156985047	10.1162/089120103321337421
2398310990	
2062225495	10.1045/july2007-devare
2063419099	10.1080/19386380903405157
2121764321	10.1080/09296174.2012.659001
2137504018	10.1080/19386389.2010.506396
1979327299	10.1093/llc/15.1.15
2048361995	10.1080/19386389.2010.520604
2001000512	10.1045/november2002-niu
1998032949	10.2218/ijdc.v5i1.147
2079690043	10.1080/10911360802087341
2070448759	10.1080/09296174.2012.685303
2111657083	10.1080/09296170701794286
2068797823	10.3366/ijhac.2013.0072
1986570273	10.1080/09296170512331383685
2147565428	10.1023/A:1025720518994
2006935145	10.1093/llc/16.3.251
1975368595	10.2218/ijdc.v8i2.262
1996028407	10.1045/september2002-hickey
2122080230	10.1093/llc/fqm001
2039211216	10.1080/09296170902734248
2020882196	10.1093/llc/15.3.313
2049048791	10.1045/october2000-baker
2116876762	10.1162/COLI_a_00125
1978554910	10.1080/19386389.2013.846618
2063843179	10.1045/january2000-hodge
2028701196	10.1093/llc/fqt063
1969746014	10.1045/july2006-tansley
2063271628	10.1045/may2003-king
2033646521	10.1162/COLI_a_00194
2061034011	10.2218/ijdc.v8i2.283
1993065452	10.1076/jqul.9.2.97.8485
1993555857	10.1007/s00799-010-0062-4
1535904379	10.2218/ijdc.v10i1.369
2147135085	10.1080/09296170801961843
1665273129	
2016172157	10.1162/COLI_a_00166
1967853860	10.1007/s007990100046
1607813805	10.3389/fdigh.2015.00002
2070836593	10.1045/september2002-schmidt
2048991227	10.2218/ijdc.v6i2.205
2009179828	10.2218/ijdc.v9i1.297
2072422415	10.1093/llc/fqn040
2131509029	10.4995/var.2011.4543
2400700285	
1968218156	10.1162/089120105775299159
1966290122	10.1093/llc/fql048
2121978753	
2099227075	10.1162/089120102317341774
1983018376	10.1162/coli_a_00033
2067748510	10.2218/ijdc.v6i1.180
2519468206	10.1162/COLI_a_00301
1987126818	10.1093/llc/fqu014
2007957054	10.1080/19386380903095123
2134051999	10.2218/ijdc.v9i1.269
2129513953	10.1045/december2003-mongin
1579103827	10.1007/s10579-004-1367-y
2738904036	10.4995/var.2017.6405
1528405878	
2077272113	10.2218/ijdc.v4i2.102
1986378812	10.1045/september2007-wolpers
2059788866	10.1162/coli.2002.28.4.582
2623595423	10.1045/january2000-levy
1984242586	10.1007/s00799-003-0062-8
2112167028	
2399599277	
2032267316	10.1045/march2012‚Äêniu1
32274356	10.1080/0929617042000314912
2151208980	10.1162/089120101300346840
2090316690	10.1045/february2003-white
2772851365	10.1162/COLI_a_00308
2059914676	10.1093/llc/fql014
1988661060	10.1045/september2004-providenti
2052785550	10.1045/july2005-arms
2004587985	10.1093/llc/fqn020
2096537993	10.1093/llc/fqn034
2039348144	10.2218/ijdc.v9i1.298
748451502	10.2218/ijdc.v10i2.379
2003698958	10.1162/089120102760173643
1996113441	10.1080/09296170903395957
2146732849	10.1007/s00799-005-0118-z
2003729936	10.1045/september2005-bauer
2048715559	10.1045/january2003-smith
1567953929	
2576091569	
1986611837	10.1045/october2006-cole
2103200221	10.1045/november2010-massart
2044086296	10.1045/december2006-whitney
2128023761	10.1093/llc/fqt011
2170801730	10.1093/llc/16.3.287
2168258059	10.2218/ijdc.v7i2.230
2099505191	10.1080/19386380903547008
2117180230	10.1093/llc/fqm012
2045649508	10.1007/s00799-004-0102-z
2119168550	10.1162/0891201042544884
2081748579	10.1080/09296170500500694
1968354737	10.1080/09296170801961785
1970092061	10.3366/ijhac.2014.0122
1495654639	10.1023/A:1025019216574
2017553407	10.1045/june2000-payette
2122503055	10.2218/ijdc.v5i1.150
2308338022	10.1162/COLI_a_00248
2594542816	
2112217537	10.1023/A:1002485208039
1485221229	10.1023/A:1011856202986
2101389654	10.1093/llc/fqs007
2109923058	10.1093/llc/fqs049
2069624924	10.1080/09296170600850585
2093209610	10.1080/09296170701378957
1969795716	10.1093/llc/fqn031
2103609933	10.1093/llc/fql042
2023307151	10.1093/llc/18.4.379
2033157559	10.1045/july2002-arlitsch
2103577799	10.1162/COLI_a_00173
1968855642	10.1080/19386389.2010.520262
2000902480	10.1045/september2012-mayernik
2149263634	10.2218/ijdc.v9i2.332
2110497364	10.1093/llc/fqu042
1998741405	10.1045/july2001-roes
1569100026	10.4403/jlis.it-6305
1489209067	
2919944319	10.1045/october2004-coleman
2085407466	10.1045/march2015-hienert
2964126086	
1501251607	10.1023/A:1016174116399
2123020907	10.1162/COLI_a_00196
2033768017	10.1093/llc/fql019
2103909773	10.1093/llc/fqh051
2117772055	10.4403/jlis.it-4663
2046436395	10.1162/089120100561755
2010367756	10.2218/ijdc.v8i2.277
1979196416	10.1007/s00799-004-0110-z
2085153732	10.1162/089120101300346813
2143393951	10.2218/ijdc.v7i1.223
2067956140	10.1007/s10579-004-0233-2
1972092859	10.1045/july2005-griffin
2012813838	10.1045/february2002-birmingham
2177950898	10.4995/var.2013.4275
2014007504	10.1007/s00799-005-0123-2
1556077482	10.1162/089120105774321127
95707272	10.4995/var.2011.4545
2249004193	
2115318757	10.1300/J517v08n01_02
2344279719	10.1007/s00799-016-0170-x
1496046695	
2141766660	10.1162/coli.07-034-R2
1999631291	10.1007/s00799-004-0080-1
1980150691	10.1093/llc/fqp039
1850538695	
2149389202	10.1093/llc/16.1.45
2058233160	10.1007/s00799-011-0069-5
1988877785	10.1045/may2008-monnich
2036699209	10.1093/llc/fqt037
1982897610	10.1162/coli.2009.35.4.35405
1969946082	10.1007/s007999900020
2052833538	10.1007/s00799-014-0131-1
2153895776	10.1093/llc/fqu058
2004027458	10.1162/coli.2006.32.3.443
35647306	10.1023/A:1002661023178
2025882237	10.1093/llc/fqm023
2043514789	10.1093/llc/fqu050
2036582256	10.1045/march2005-kraan
1989010572	10.1007/s00799-007-0024-7
2010700167	10.1007/s00799-006-0003-4
1970999187	10.1045/march2015-mccown
2015907657	10.3366/ijhac.2013.0088
2082695947	10.1045/october2006-king
2108915825	10.1162/coli.08-011-R2-07-021
2236536216	
2147573685	10.1007/s00799-006-0002-5
1987851322	10.1045/april2000-mistlebauer
2328868160	10.1093/llc/fqv011
229663149	
1493676178	10.1023/A:1022657227889
2090618725	10.1076/jqul.8.3.165.4101
2031351647	10.1162/0891201042544866
2042831735	10.1045/october2006-vandesompel
2038035027	10.1045/november2005-bartolo
2034003792	10.1007/s00799-012-0096-x
1973196380	10.1080/09296174.2011.583405
2378090095	10.1007/s10579-004-1906-6
2009468504	10.1045/november14-holub
2032012610	10.1007/s00799-007-0021-x
2074882154	10.1045/july2002-coleman
1520360049	
1987486061	10.1162/coli.2008.34.2.193
2060837729	10.1045/july2000-staples
2003374509	10.1162/COLI_a_00148
2053676671	10.1045/january2010-holley
2088847654	10.1045/november2007-rieh
2890985598	10.1162/coli_a_00338
2154462503	10.1162/COLI_a_00218
2806532810	10.1162/coli_a_00322
2663075978	10.1007/s00799-017-0226-6
2292809381	
2111273940	10.1162/coli.2006.32.2.263
1977048518	10.1045/november2003-lieder
2124100324	10.1007/s00799-005-0117-0
2110600845	10.1162/coli.2010.36.2.36201
2041504988	10.1080/09296174.2012.714531
2039884530	10.1045/december2004-vandesompel
2072819621	10.1162/coli.08-022-R2-06-26
2025403586	10.1093/llc/17.4.401
2026453212	10.1045/april2001-maly
2062197144	10.1045/april2006-miller
2094692735	10.1080/19386389.2012.661689
2030149851	10.1007/s00799-006-0006-1
1999957818	10.1162/COLI_a_00192
2137049741	10.1080/09296170600892538
2408056113	
2049684127	10.1093/llc/fqn012
2009514073	10.1045/july2006-brancolini
2100922564	10.1080/09296174.2013.799918
2109785022	10.2218/ijdc.v6i2.193
1985942977	10.1007/s10579-004-0755-7
2067130497	10.1093/llc/fqu057
1985650263	10.1093/llc/fqp010
2127783607	10.3366/E1753854809000317
2140969772	10.2218/ijdc.v6i1.174
2153562920	10.1093/llc/fqs018
2065490165	10.1045/september2006-choi
1990589384	10.1045/january2011-klump
2047104717	10.1093/llc/fqt024
2170462160	10.1045/march2007-altman
2087563320	10.2218/ijdc.v8i2.263
1491504963	10.1007/PL00021477
2031827150	10.1007/s00799-014-0127-x
2033814128	10.1076/0929-6174(200008)07:02;1-Z;FT115
1561485581	10.1007/s00799-015-0167-x
168622922	10.1023/A:1021814530952
2898407256	10.1007/s00799-018-0258-6
2401306152	
627102295	
2533701621	10.1007/s00799-016-0196-0
1998588442	10.1080/09296174.2013.830549
2096819730	10.1162/COLI_a_00142
2094210058	10.1045/june2003-paskin
2115340943	10.1023/A:1017556818634
2067140603	10.2218/ijdc.v6i2.204
1862599395	10.1162/COLI_a_00232
2168628252	10.1093/llc/fqp027
2186711519	
2089572825	10.1007/s00799-003-0073-5
2133341045	10.1162/0891201041850885
1556784754	
1991004437	10.1007/s00799-003-0065-5
2040376615	10.3366/ijhac.2009.0007
2027787274	10.1045/april2004-mcgovern
2083790658	10.1045/november2012-beaudoin1
1570421724	10.1045/march2008-pearce
1963780534	10.1045/july2002-martin
2035292688	10.2218/ijdc.v3i2.59
1989877919	10.1093/llc/fql023
2148988845	10.2218/ijdc.v4i3.126
2036348938	10.1076/jqul.7.3.189.4114
2028675035	10.3366/ijhac.2012.0044
2052336303	10.1045/march2003-gibbons
2027980808	10.2218/ijdc.v2i2.35
2077575967	10.1045/november2001-zia
2062322311	10.1045/march2005-vanveen
2139611964	10.2218/ijdc.v2i1.13
2096047506	10.1093/llc/18.4.389
1953585660	10.1162/COLI_a_00230
2074365914	10.1080/19386389.2012.699829
2394549901	
2032222974	10.1045/may2011-vanderknijff
2143015227	10.1093/llc/fqi046
2136930489	10.1162/coli.2006.32.1.13
2133984075	10.1162/089120101750300535
2004477431	10.1076/jqul.10.2.159.16715
2094208051	10.1162/coli.2008.07-004-R2-06-57
2050892335	10.1080/09296170802159488
2090755435	10.1093/llc/16.3.265
2171674491	10.1093/llc/fqq007
1983805881	10.1093/llc/fqm040
2060127787	10.1162/coli_a_00015
2093873531	10.1007/s00799-003-0056-6
2140692822	10.1093/llc/fqt021
2169498276	10.1162/coli_a_00010
2043275333	10.1007/s00799-014-0118-y
2312929482	10.1093/llc/fqw012
2068965807	10.1080/09296170903211469
2041408616	10.1076/0929-6174(200008)07:02;1-z;ft073
2145035567	10.1162/coli.2009.35.4.35409
2120185878	10.2218/ijdc.v4i2.94
177788837	10.1045/october2001-featured.collection
2047860876	10.1045/november2010-adamick
2048138531	10.1093/llc/18.2.139
2060513398	10.1045/december2002-masanes
2010588484	10.1162/0891201041850894
2078645326	10.2218/ijdc.v6i2.191
1972730727	10.1162/coli.2009.35.4.35404
2038178664	10.1080/09296174.2013.830552
2471854148	10.1045/july2016-paakkonen
63463328	10.1023/A:1017563931115
2949848226	
1988123390	10.1007/s00799-004-0112-x
2033043215	10.1162/COLI_a_00204
2340581292	10.1093/llc/fqv046
2133322356	10.1162/coli.2007.33.1.147
2012318772	10.1045/september2009-steinhart
2011051919	10.1162/coli_a_00036
2056418655	10.1007/s00799-008-0048-7
2066848809	10.1045/may2013-jett
2093233459	10.1007/s00799-007-0022-9
1996456980	10.1162/COLI_a_00072
2784065732	10.4995/var.2018.6831
2147191817	10.1162/coli.06-78-prep14
2132109814	10.1162/089120104323093294
2124901389	10.2218/ijdc.v10i1.347
2117117758	10.1093/llc/fqi050
2090435428	10.1045/january2003-mitchell
2162470937	10.1093/llc/fqi026
2048760284	10.1162/089120104323093267
2088241978	10.1045/september2009-papadakis
2047976682	10.1045/june2003-urquhart
2209407053	10.1045/november2015-tkaczyk
2125814131	10.1162/coli.2006.32.4.471
2143507336	10.1093/llc/fqs070
2131526828	10.1162/coli.2006.32.2.223
2002343100	10.1162/0891201054223986
2414774081	10.4995/var.2016.4191
2024271330	10.1045/july2004-ross
2598771386	10.1162/COLI_a_00287
2163155009	10.1080/09296170802159512
1884412186	10.1080/09296174.2016.1169847
1511980079	10.1023/A:1021855607270
2005082088	10.1093/llc/fqm041
217552534	10.1007/s00799-015-0149-z
2067787103	10.1007/s00799-004-0085-9
2075615261	10.1045/october2005-ozek
2948040999	
2095965093	10.1162/0891201053630318
2036031804	10.1045/september2009-ooghe
2765112180	10.3389/fdigh.2017.00021
2113497189	10.1045/september2010-ternier
5251991	10.1023/A:1002439708427
2066860868	10.1045/may2013-gray
2065903263	10.1045/july2001-pisciotta
2956143967	
2067907206	10.2218/ijdc.v8i2.282
2009099802	10.2218/ijdc.v4i3.125
2082998226	10.1007/s00799-014-0111-5
2019493558	10.1080/09296174.2013.856132
1663513339	
1995661633	10.1162/coli.2007.33.3.437
1967082285	10.1045/september2008-markey
2072870110	10.1162/089120101753342626
1964754638	10.2218/ijdc.v2i1.20
2041079134	10.1007/s00799-007-0008-7
1573694048	
2138448147	10.1162/COLI_a_00150
1997254424	10.1045/december2001-suleman
1999839416	10.1007/s00799-004-0088-6
2963022218	10.1162/coli_a_00335
2085733122	10.1080/09296174.2011.608604
2442495973	10.1162/089120102762671936
2107317033	10.1093/llc/17.3.267
2163561955	10.1162/coli_a_00007
2070296328	10.1162/coli_a_00013
2042659457	10.1045/december2006-downie
2135775867	
2119804956	10.1093/llc/fqt038
2397679112	
1971395188	10.1045/january2002-nelson
1984077349	10.1093/llc/fql022
2214276702	10.1093/llc/fqv040
2059784683	10.1045/december2005-nelson
2156021548	10.1162/089120101317066131
2099792836	10.1162/COLI_a_00225
2125447031	10.1162/COLI_a_00088
2145809663	10.1162/COLI_a_00207
2095885230	10.1093/llc/fqn019
2077480568	10.1162/089120101300346822
1970925298	10.3366/ijhac.2014.0104
2057784881	10.1045/may2009-arms
2044989618	10.2218/ijdc.v2i2.26
2058584806	10.1093/llc/18.2.117
71443410	10.4403/jlis.it-5493
2003370336	10.1045/may2007-yakel
2062881723	10.1045/january2011-crosas
2019470037	10.1045/may2007-lally
2027908289	10.1007/s00799-004-0087-7
2049898997	10.1162/coli.2007.33.3.305
1985754308	10.1162/0891201042544929
2117647785	10.1080/09296170903395890
2048390228	10.1045/january2008-smith
98417869	10.1023/A:1002609006340
1988481267	10.1045/november14-fedoryszak
1968708259	10.1080/09296174.2013.799917
2137954955	10.2218/ijdc.v8i2.278
2524911746	10.1162/COLI_a_00261
1863411986	10.1007/s00799-015-0151-5
2171516886	10.1080/09296174.2014.974458
2294262627	10.1023/A:1002459020102
173158756	
2065139259	10.1093/llc/fqq021
2480294597	10.1007/s00799-016-0185-3
1990319251	10.2218/ijdc.v8i1.251
2137006453	10.1162/COLI_a_00206
2091266855	10.1007/s00799-007-0011-z
2047750329	10.1045/may2009-marill
2043781346	10.1093/llc/fqh046
1967120046	10.1045/may2005-wilson
2130287326	10.1045/november14-beel
2152900630	10.1162/coli_c_00031
2080471088	10.2218/ijdc.v3i2.62
2081521998	10.1045/february2003-lankes
2011311373	10.1045/september2004-coyle
1994921100	10.1045/september2013-kern
2166830886	10.1093/llc/fqr018
2161952424	10.1162/089120101317066113
2004702084	10.1093/llc/16.4.375
2020874028	10.1045/january2013-houghton
2128970689	10.1162/089120100561737
1985449541	10.1093/llc/fqi066
192227682	
1549384979	10.1023/A:1014368121689
1504819070	10.2218/ijdc.v10i2.329
2236647290	10.1162/COLI_a_00276
2066825066	10.1045/december2003-connaway
1906647448	10.2218/ijdc.v10i1.370
2086485446	10.1093/llc/fqr017
2948029328	
1485177226	10.2218/ijdc.v10i1.367
2157796321	10.1093/llc/fqp015
2501332912	
2152005244	10.1162/0891201041850876
2122423589	10.1093/llc/19.4.509
1968514883	10.2218/ijdc.v5i1.151
2100912954	
2165552617	10.1162/0891201054223968
2110548995	10.1007/s00799-014-0132-0
2101355390	
2081864257	10.1080/19386389.2010.524862
2007272345	10.1045/july2008-hagedorn
1967034086	10.1080/09296170902734156
2573437725	
2093243340	10.1045/november2008-zuber
2069864873	10.1045/april2006-devorsey
2098434511	10.1093/llc/fqq013
2531291914	10.2218/ijdc.v11i1.428
2068356829	10.1076/jqul.9.1.1.8480
1993731925	10.2218/ijdc.v4i1.83
2008629813	10.1080/09296174.2013.799911
2141422303	10.1162/coli.09-032-R1-08-034
1528980146	10.1023/A:1025775401524
81642900	
1997686397	10.2218/ijdc.v9i2.267
2123135686	10.1162/089120102760173652
2068186618	10.1007/s00799-014-0117-z
2019452522	10.1007/s00799-008-0037-x
1986984949	10.1045/december2006-manduca
2159156933	10.1162/COLI_a_00087
2137171871	10.1093/llc/fqr004
2054510050	10.1045/june2000-hughes
2072345439	10.1007/s00799-007-0020-y
2141724465	10.4995/var.2013.4356
2063826397	10.1007/s00799-004-0091-y
2047295649	10.1162/089120103322711578
2057244568	10.1162/coli_a_00038
2008347746	10.1093/llc/fqt033
2075422703	10.2218/ijdc.v6i1.175
2144879357	10.1162/coli.2006.32.4.527
2103017773	10.1162/coli.2008.34.2.225
2137132216	10.1162/COLI_a_00158
1591768531	10.1023/A:1025729107628
2128634280	10.2218/ijdc.v8i1.238
2129702308	10.1007/s00799-008-0039-8
2400440157	
2027247530	10.2218/ijdc.v5i1.153
2044765650	10.1045/january2002-arms
1976670543	10.2218/ijdc.v10i1.348
2072338431	10.1045/november2005-kastens
1989201155	10.1045/september2012-vermaaten
2049841957	10.1007/s00799-007-0028-3
2611609447	
1989134938	10.1076/jqul.9.3.261.14121
2164632894	10.1162/COLI_a_00200
2160348740	10.2218/ijdc.v6i1.176
2051593977	10.1162/coli_a_00002
1969901793	10.1093/llc/fqm021
1978367406	10.1045/march2005-hyatt
2154889602	10.1162/coli.2010.36.1.36101
2160478796	10.1007/s00799-003-0071-7
1607983314	10.1023/A:1014348124664
2039169822	10.1093/llc/fqp037
2000304248	10.1007/s00799-012-0087-y
2057612885	10.1045/april2001-heery
2066692854	10.2218/ijdc.v6i2.206
2144686073	
2033420318	10.1093/llc/fqm042
2102525064	10.1093/llc/fqp020
2093803628	10.1007/s00799-004-0106-8
2045455073	10.1162/COLI_a_00052
1594556796	10.1023/A:1021818600001
2026611253	10.1016/j.serrev.2006.03.001
1249192803	10.4403/jlis.it-4539
2037139472	10.1007/s00799-014-0112-4
2136483597	10.1162/0891201054223977
2027083817	10.1045/february2000-pritcher
2154977911	10.1093/llc/fqn030
2049164377	10.1045/july2012-bhatia
2075790020	10.1162/coli.2007.33.4.469
2127180571	10.1007/s00799-004-0099-3
2072831690	10.1080/09296174.2014.944327
1624573445	
2110247689	10.1080/19386380903405124
2573798673	10.1045/january2017-samuel
2007701542	10.3366/ijhac.2011.0008
2068624916	10.1045/october2003-king
2044278824	10.1080/19386389.2011.544997
2117131214	10.2218/ijdc.v6i1.171
1567848387	10.1023/A:1002027622271
2119716751	10.2218/ijdc.v3i1.53
1976699570	10.1093/llc/fqr006
2398269865	
2069607617	10.1045/january2007-sale
2046411512	10.1080/09296170802514138
2010240554	10.1045/july2010-markey
1968252944	10.1045/july2002-choudhury
2004630327	10.1045/may2002-wright
2953892464	
2016572656	10.2218/ijdc.v9i1.312
1147131037	10.1007/s00799-015-0164-0
2006052932	10.1093/llc/15.3.339
2160361994	10.1023/A:1002407003264
2062923589	10.1045/november2009-rehak
2137334650	10.1093/llc/16.3.299
1996908104	10.1162/COLI_a_00124
2137607077	10.2218/ijdc.v8i1.258
1915595381	
2170524863	10.1162/0891201041850911
1965893653	10.1162/coli.2008.34.1.35
2079783326	10.1162/coli.2009.35.1.111
2149168667	10.1007/s00799-012-0081-4
2113000441	10.2218/ijdc.v5i1.141
2071712554	10.1045/february2006-arms
2127973959	10.1162/089120102760275992
2050184088	10.1080/09296170903211519
1980631747	10.1045/april2005-alvite
2404546061	
2094330939	10.1045/november2011-allen
1996430466	10.1007/s00799-013-0103-x
2022491554	10.2218/ijdc.v3i1.46
2016321886	10.1007/s00799-008-0045-x
2104756827	10.1093/llc/fqt032
2268547524	10.1093/llc/fqv062
2108413366	10.1162/COLI_a_00198
2080635174	10.1162/COLI_a_00145
2014394530	10.1162/COLI_a_00174
2044274954	10.1162/089120103322145306
2104025013	10.2218/ijdc.v6i2.194
2124414089	10.1093/llc/fql034
2050143793	10.1045/october2001-boyack
2406262952	
1992384359	10.1007/s00799-009-0050-8
2152607148	10.1093/llc/fqi034
2045196128	10.1093/llc/fqu030
1987974551	10.1045/september2000-brack
1972436876	10.1045/march2012‚Äêniu2
2033154143	10.1007/s00799-007-0010-0
2050974180	10.1080/19386380903405090
2006766484	10.1162/COLI_a_00096
1969245183	10.1162/coli.2007.33.4.493
2079278924	10.2218/ijdc.v1i1.5
2336074959	10.1093/llc/fqv070
2098026067	10.2218/ijdc.v7i2.231
2041877632	10.1080/19386389.2011.545001
2158905336	10.1162/COLI_a_00222
2072706183	10.1045/february2004-davis
20342462	10.1023/A:1002644326332
2946986005	
2556755379	10.1093/llc/fqw051
2095190272	10.1045/september2000-powell
2036382113	10.1007/s007990000036
1581771945	
818801560	
2016223909	10.2218/ijdc.v3i1.43
1974322093	10.2218/ijdc.v5i1.145
2117891118	10.1080/09296174.2012.754601
2101711363	10.1162/089120101750300490
1973632187	10.1045/october2005-johnston
1983013110	10.2218/ijdc.v9i2.331
1990578783	10.1045/november2008-aschenbrenner
2153147280	10.1162/COLI_a_00139
2105436581	10.1093/llc/fqs047
2574537218	10.1045/january2017-nuest
2067824637	10.1080/09296170802514153
2002711736	10.1045/may2007-henty
1982547887	10.1045/january2001-warnick
2154756108	10.1162/089120104773633394
2281020455	10.1093/llc/fqv048
1480267767	10.1007/PL00021474
2338299047	10.1093/llc/fqv072
2037186474	10.3389/fdigh.2014.00001
2017130368	10.1045/march2001-zia
2018869336	10.1080/09296174.2014.1001636
2103707024	10.1093/llc/fqm045
2161754887	10.1045/may2011-yuanli
1987898387	10.2218/ijdc.v1i1.4
2552741034	10.4995/var.2016.6319
1980397870	10.1045/january2011-michener
1555161889	10.1023/A:1002486301447
2571327869	10.1007/s00799-016-0207-1
2153395438	10.1080/09296170701514189
2113429499	10.1007/s00799-005-0130-3
2145866092	10.2218/ijdc.v4i3.115
2126602876	10.2218/ijdc.v7i1.213
2116967773	10.1162/COLI_a_00092
33184829	
2053923813	10.1080/10911360802087325
2115896319	10.1162/COLI_a_00099
2111802712	10.1093/llc/fqi024
2055838835	10.1045/january2006-guy
203103070	10.1007/978-3-642-34399-5_2
1968129968	10.1080/19386389.2012.700606
1996336679	10.2218/ijdc.v6i1.177
2963727415	
2184602744	10.1007/s00799-016-0178-2
2095412991	10.1080/19386389.2011.570655
2035923203	10.2218/ijdc.v9i1.301
1972026925	10.1007/s00799-004-0113-9
138954576	10.1023/A:1002463718479
173943492	10.1023/A:1020260012525
2123609562	10.2218/ijdc.v5i1.148
2099883946	10.4403/jlis.it-5461
199321604	10.1023/A:1002619001915
2165352038	10.1093/llc/fqv016
1985865058	10.2218/ijdc.v3i1.45
1997384645	10.2218/ijdc.v3i1.50
2128505798	10.1162/coli_a_00005
1489348810	10.1023/A:1002674829964
2116313894	10.1007/s00799-004-0094-8
2042689095	10.1045/september2013-imran
2948783159	
2950392608	
2095501215	10.2218/ijdc.v6i2.198
2057040825	10.1093/llc/fqq005
1994628115	10.1045/january2012-lewis
2948425949	
2031799594	10.1045/november2006-pomerantz
1978954243	10.1023/A:1014325032412
2025547113	10.1045/january2010-cyburt
2094895311	10.1162/COLI_a_00171
1970180442	10.1045/november14-kristianto
1997085611	10.1093/llc/fqm003
1964571129	10.2218/ijdc.v4i1.77
2065997214	10.1007/s00799-003-0058-4
2020086202	10.2218/ijdc.v4i3.121
2038922598	10.1045/june2003-kenney
2163936014	
2066945758	10.2218/ijdc.v4i3.124
1970512376	10.1162/COLI_a_00190
2101844505	10.1093/llc/15.4.403
2629354081	10.1007/s00799-017-0220-z
2030985668	10.1007/s00799-015-0141-7
2153108424	10.1093/llc/fql015
2077040630	10.1045/october2001-witten
1975004953	10.1162/coli.2008.34.3.465
1982235632	10.2218/ijdc.v8i1.247
2029088877	10.1007/s00799-003-0074-4
2382290261	
1985977621	10.1045/march2000-paepcke
2107695330	10.1162/089120105775299168
2025606474	10.1162/0891201054223995
2157193575	10.4403/jlis.it-4593
2006467333	10.1093/llc/16.4.445
2093601069	10.1093/llc/fql038
1979927686	10.1007/s00799-004-0098-4
2013789053	10.1045/november2011-casarosa
2032768140	10.1080/09296170701379369
2043926422	10.1007/s007999900016
1498215676	10.1007/978-0-387-72774-5_11
2122011173	10.1045/january2005-rosenthal
2025714218	10.1076/0929-6174(200004)07:01;1-3;ft001
2402066702	
2145095692	
2756665233	10.1007/PL00021473
1966674936	10.1045/january2014-broeder
2214381478	10.1045/november2015-vandesompel
2081038225	10.1045/november2014-knoth
2149036517	10.1080/09296171003643213
2146751667	10.1162/COLI_a_00091
2065841724	10.1162/089120102762671954
2110390816	10.3366/E1753854809000421
2047833770	10.1045/september2010-vermaaten
2095475649	10.2218/ijdc.v8i2.285
2127671890	10.1093/llc/fqu019
2116475692	10.1162/089120105774321064
2093334633	10.1080/09296174.2014.882186
2015641439	10.1076/jqul.10.2.93.16720
2217516311	10.1093/llc/fqv052
2068838058	10.1162/089120101753342635
2002685786	10.1162/COLI_a_00135
1965699271	10.1007/s00799-015-0145-3
2097532520	10.1023/A:1002681919510
1991881529	10.1045/december2001-blanchi
2159573465	10.1162/0891201053630291
2136923889	10.1162/COLI_a_00216
2061527145	10.1045/september2000-dunn
1968183008	10.2218/ijdc.v4i2.93
2899124505	10.3389/fdigh.2018.00025
2947237574	
2403150196	
2946921526	
2086463556	10.1080/19386389.2011.629957
1521136980	
2964056538	
1971975883	10.1045/may2002-wagner
2111989294	10.1162/coli.2000.27.4.602
1605983276	10.1023/A:1002613125904
2053412701	10.1045/march2003-marcondes
2076086413	10.1045/december2002-rauber
2075443619	10.1162/COLI_a_00191
2041268741	10.1080/09296174.2011.556002
2028908189	10.1162/089120103322753338
1975211998	10.1045/january2001-lagoze
1970995415	10.1045/december2000-hughes
2122640599	10.1080/09296174.2011.533588
2033098905	10.1093/llc/fqq029
2014552602	10.1080/09296171003643098
1991898630	10.1007/s007990000035
2057866309	10.1093/llc/fqu021
2006664500	10.1045/december2002-marchionini
1970225063	10.1093/llc/fqh045
2011276896	10.1007/s00799-008-0036-y
2916171170	10.1045/april2000-moore-pt2
2948581934	
2159083896	10.1093/llc/fqt059
2053440061	10.1007/s00799-015-0140-8
2005648426	10.1007/s10579-004-1110-8
2107540895	10.1162/089120104773633367
2092537475	10.1080/19386380903095024
1480361382	
2023304992	10.1045/february2006-vandergraaf
2144302466	10.1162/COLI_a_00134
1978060763	10.1162/089120102760276027
2397908516	
2051630946	10.1045/july2012-daniel
2065910179	10.1093/llc/18.4.423
2188865323	10.4995/var.2011.4648
2622670270	10.1162/COLI_a_00294
2396932841	
2130827516	10.1007/s00799-005-0134-z
2033422651	10.1093/llc/fqp016
1596216015	
2031230855	10.1007/s00799-011-0063-y
2065095371	10.1045/july2005-weibel
2014109660	10.2218/ijdc.v9i1.309
2176683767	10.1093/llc/fqv013
2040975210	10.1023/B:CHUM.0000031185.88395.b1
1999111115	10.1093/llc/fqq011
2104523810	10.1093/llc/fqt009
2118498534	10.1007/s00799-009-0055-3
2127232376	10.2218/ijdc.v3i2.56
2164268815	10.1162/coli.2007.33.2.153
2121326577	10.1080/09296171003643189
2123359483	
2060327606	10.1076/jqul.9.2.187.8486
1987244517	10.1162/coli_a_00014
2043479987	10.1080/19386380903546984
2130300813	10.1162/coli.2010.36.1.36100
29663580	10.1023/A:1002787826686
2059726074	10.1162/coli.2006.32.3.439
1969622859	10.1093/llc/19.3.303
2112357448	10.1045/october2002-zhang
2571688478	10.1080/09296174.2016.1265792
2132248251	10.1162/089120104323093285
2037966664	10.1045/september2004-lossau
2078384767	10.1162/coli.2010.36.1.36103
2735952465	10.3389/fdigh.2017.00014
2166210475	10.1162/coli.2008.07-051-R2-03-57
2594475002	10.1007/s00799-017-0208-8
2003667875	10.1045/july2012-fukuda
2337854958	
2017131861	10.1162/089120102760276009
2021195925	10.1045/september2006-goldsmith
1992254746	10.1162/089120102317341783
2773594371	10.1162/COLI_a_00306
1968447761	10.1045/may2007-baptista
2053283415	10.1045/may2002-lefurgy
2024696637	10.1093/llc/fqh048
2151419531	10.1093/llc/fqu026
2074948659	10.2218/ijdc.v2i2.27
2550087985	10.4995/var.2016.5861
2008125087	10.1080/09296174.2013.857176
2405563343	
71063787	
1982242648	10.2218/ijdc.v2i1.16
1605898404	10.2218/ijdc.v10i2.378
2035261707	10.3366/E1753854809000305
2149151630	10.1093/llc/fqs004
2116728882	
2407397652	
2094834314	10.1045/march2009-dahlstrom
2096643992	10.1162/coli.2006.32.3.417
2142765171	10.1093/llc/fqh041
2007035566	10.1080/09296174.2014.911506
2019520758	10.1093/llc/19.1.105
2054690340	10.1162/coli_a_00017
2121764873	10.1162/coli.2006.32.4.485
1985572905	10.2218/ijdc.v4i3.114
2387185557	10.1045/may2016-mayernik
2009117112	10.1045/october2002-fox
809740722	10.1007/s00799-015-0158-y
2134070069	10.2218/ijdc.v9i2.336
2021115889	10.1045/march2008-marshall-pt2
2009476411	10.1007/s00799-007-0016-7
1971542551	10.1007/s00799-007-0029-2
2035516519	10.1045/february2006-manepalli
2075798685	10.1023/B:CHUM.0000009226.51168.47
2061491895	10.1007/s00799-003-0050-z
2093183149	10.3366/ijhac.2013.0080
2044946777	10.1045/july2003-young
1972464952	10.1080/09296170512331383655
2012115736	10.1162/coli.2009.35.4.35401
2002205077	10.1045/march2005-harnad
2020411258	10.1080/19386389.2015.1012856
2048328704	10.1023/B:CHUM.0000009225.28847.77
2002796051	10.1045/may2008-paynter
2109688847	10.1162/COLI_a_00093
2180877453	10.1162/COLI_a_00239
2138428415	10.1093/llc/19.2.197
55105828	
2399053025	10.1093/llc/fqv053
1971772794	10.1007/s00799-014-0108-0
1969866811	10.1162/COLI_a_00060
2082821728	10.1080/09296170500172478
1980851546	10.1080/09296174.2010.485447
2407478184	10.2218/ijdc.v10i2.342
2100235759	10.1093/llc/fqt047
2271911879	10.1080/09296174.2015.1106270
2116533968	10.1162/coli.2006.32.3.295
2056973989	10.2218/ijdc.v7i2.235
150022028	
2593402107	10.1007/s00799-017-0210-1
1490292573	10.1076/jqul.8.3.213.4100
2006187411	10.1080/09296170600850759
2093649117	10.1023/A:1025042402655
2134577448	10.1007/s00799-005-0129-9
2013884949	10.1093/llc/fqq008
2070177654	10.1007/s00799-006-0004-3
2064296938	10.1162/COLI_a_00064
2092486602	10.1080/19386389.2010.506385
2071908440	10.1007/s00799-005-0128-x
1521127433	10.1007/s007990100047
1901134426	
2117216775	10.2218/ijdc.v2i2.28
1568387121	
2038116543	10.1162/coli_a_00035
2172176372	10.1162/coli.2008.34.2.161
2947551430	
2106437550	10.1080/09296170701379260
1990435674	10.1162/COLI_a_00095
2159553441	10.1093/llc/fqu064
2124700662	10.1045/january2012-mitchell
105965963	10.1023/A:1017901705018
2145163032	10.1162/coli.2008.34.1.137
63647472	10.1023/A:1002471112790
2159787114	10.2218/ijdc.v2i2.31
2071348215	10.1045/november2008-caplan
3851596	10.1023/A:1002693207386
2076025931	10.1045/may2008-lavoie
1995873587	10.1080/09296170701378940
2085714506	10.1080/09296170512331383695
2050921398	10.2218/ijdc.v6i1.172
2130313331	10.1162/coli.06-69-prep5
2088668082	10.1007/s00799-003-0053-9
2077832206	10.1045/may2012-lee
1984646829	10.1045/april2004-holmstrom
1971634277	10.1080/09296170500500777
1908080993	
2122514299	10.1162/COLI_a_00199
2102366477	10.1093/llc/19.1.9
2096394736	10.1093/llc/fqt044
2014254196	10.1093/llc/fqp001
2144206617	10.1007/s00799-015-0144-4
2159719802	10.1162/COLI_a_00164
2340873899	10.1045/january2016-brunelle
2065914178	10.1045/april2001-dilauro
1508791843	10.1162/COLI_a_00286
2013168841	10.1007/s00799-003-0075-3
2040162312	10.1093/llc/19.4.453
2112741010	10.1080/09296170701803426
2021751150	10.2218/ijdc.v9i1.317
2127741848	10.2218/ijdc.v2i1.10
2065329070	10.1007/s007990100041
2035796100	10.1162/coli_a_00040
2123669346	10.1162/COLI_a_00113
2172245770	10.1080/09296170500172460
2052314901	10.1093/llc/fqm008
2337105409	10.1093/llc/fqv071
2028649102	10.1023/B:CHUM.0000031171.79841.02
2094866668	10.1045/june2003-beagle
1581785878	
2133922473	10.2218/ijdc.v3i1.49
2056566467	10.1045/february2002-kirriemuir
2108724304	10.1162/coli.2007.33.3.397
338542510	
2092527610	10.1162/089120102760173625
2948559197	
1491452361	10.1162/089120101300346804
1505257681	
2012637537	10.1093/llc/15.3.323
2110922342	10.2218/ijdc.v8i1.245
2121769496	10.1093/llc/fqr010
2055626287	10.1045/september2000-sweet
2161243255	10.1080/09296170902975692
2171727854	10.1080/19386389.2012.699822
2251064641	10.1080/19386389.2015.1099979
274041255	10.1023/A:1020271707826
2188287802	
2012742841	10.1045/march2014-rimkus
2120481102	10.1162/COLI_a_00123
2094295507	10.1080/09296170500172486
2400100294	
2104846445	10.1162/089120100561728
2214095019	10.1093/llc/fqv044
90965603	10.4403/jlis.it-4494
2030676207	10.1162/COLI_a_00109
2091618877	10.1045/july2007-carr
204274557	
2062133553	10.2218/ijdc.v7i2.227
1966389434	10.1007/s007990100044
2163895379	
2952802412	
2110342145	10.1007/s00799-005-0121-4
2001042234	10.1007/s00799-014-0134-y
2066059762	10.1093/llc/fqu060
1571800493	
1972406627	10.1080/19386389.2011.629959
2018479565	10.3366/E1753854809000329
2014864037	10.1093/llc/fqi067
1976978913	10.1007/s00799-011-0075-7
2063455354	10.1080/09296170902734222
2060468494	10.1045/november2008-peters
2089210670	10.1300/J517v08n01_06
1964666638	10.3366/ijhac.2013.0060
2346198741	10.1007/s00799-016-0171-9
2601954893	10.1162/coli.2003.29.2.328
817121634	
1965587158	10.1076/jqul.9.1.35.8483
1967833925	10.1045/november2012-algee
2003643387	10.1093/llc/fqi033
2038976544	10.1162/COLI_a_00084
2105381397	10.1093/llc/18.4.361
2038473747	10.1093/llc/15.1.51
2044418050	10.1045/june2001-hill
2133656631	10.1162/coli.2006.32.1.83
1978227866	10.1007/s007990050003
2033101102	10.1045/june2006-chan
2408234646	
2407554726	
2111748551	10.2218/ijdc.v7i1.217
2147877337	10.1162/089120100750105939
1984171693	10.1076/jqul.9.3.233.14122
2060966851	10.1007/s00799-014-0120-4
2046043097	10.1080/19386389.2013.826074
2801606262	10.2218/ijdc.v12i2.577
2168901236	
2050490795	10.1093/llc/fqs066
2610184435	
2017292107	10.1162/COLI_a_00143
2170349856	10.1093/llc/fqs014
2081514874	10.1093/llc/fqn003
2020434097	10.1093/llc/16.2.189
2101567354	10.2218/ijdc.v7i1.216
2100052949	10.1162/COLI_a_00193
195590691	
1967497869	10.1045/may2005-fox
2002406678	10.1045/september2012-vandesompel
1973760574	10.1045/january2011-smit
2068182621	10.1007/s00799-012-0101-4
2007898481	10.1093/llc/fqi001
2154210598	10.1162/089120101750300508
1985527413	10.1045/march2014-becker
2408099484	
2107991552	10.1093/llc/fqu054
2014376619	10.1045/february2004-vanveen
2123165521	10.1093/llc/fqp003
2103029213	10.1162/coli.2006.32.1.49
2044092781	10.1080/09296170701794302
31874080	10.1023/A:1002751519919
2113100322	10.4995/var.2011.4560
2079796819	10.2218/ijdc.v6i1.183
2086613779	10.1076/jqul.8.1.33.4092
2062293249	10.1045/september2007-castelli
2069582578	10.1093/llc/fqi018
2585997593	10.3389/fdigh.2017.00003
2074157105	10.1045/january2009-littman
1495179863	10.1023/A:1016130317308
2107928532	10.1162/089120105774321073
2073794381	10.1093/llc/15.4.465
2098253435	10.1045/january2011-pfeiffenberger