ut	level	doi
000087589500005	1	10.1023/A:1002402902356
000087589500027	1	10.1023/A:1002656922270
000088075200002	1	10.1023/A:1002027622271
000088075200005	1	10.1023/A:1002075505432
000167733600001	1	10.1023/A:1002497503122
000175684600002	2	10.1162/089120102317341756
000176756300004	1	10.1023/A:1016178200469
000185302500002	1	10.1023/A:1025779619903
000187353300003	1	10.1023/B:CHUM.0000009278.73498.f4
000207622400008	2	10.1080/09296170701514197
000207735300004	1	10.1093/llc/fqm040
000207735400002	1	10.1093/llc/fqn005
000209902300005	1	10.1145/2611375
000209902300006	1	10.1145/2627729
000209902300007	1	10.1145/2611374
000209902300008	1	10.1145/2611519
000209929400002	1	10.1145/2538030
000222533400004	2	10.1162/089120104323093294
000225838500005	1	10.1007/s10579-004-1367-y
000228836600004	2	10.1162/0891201053630264
000230227800002	2	10.1162/0891201054223986
000235356800002	2	10.1007/s10579-005-2692-5
000235356800003	2	10.1007/s10579-005-2693-4
000235356800005	2	10.1007/s10579-005-2695-2
000235356800007	2	10.1007/s10579-005-2697-0
000237100000003	2	10.1007/s10579-005-7880-9
000237977900004	2	10.1162/coli.2006.32.1.49
000239022500001	2	10.1007/s10579-005-4822-5
000240734900001	2	10.1162/coli.2006.32.3.295
000244448000002	2	10.1007/s10579-006-9011-7
000244448000003	2	10.1007/s10579-006-9012-6
000247471600004	2	10.1162/coli.2007.33.2.229
000249327800003	2	10.1162/coli.2007.33.3.305
000250467300014	2	10.1007/s10579-007-9025-9
000250722300001	2	10.1007/s10579-007-9028-6
000254203200002	2	10.1007/s10579-007-9052-6
000254203200005	2	10.1007/s10579-007-9058-0
000257139400006	2	10.1162/coli.2008.34.2.289
000258643400002	2	10.1162/coli.2008.07-004-R2-06-57
000260838500001	2	10.1007/s10579-008-9070-z
000263798100005	2	10.1007/s10579-008-9077-5
000272466300008	2	10.1162/coli.2009.35.4.35405
000274220500002	2	10.1080/09296170903395924
000275310400001	2	10.1162/coli.2010.36.1.36100
000275310400005	2	10.1162/coli.2010.36.1.36104
000276471100007	2	10.1007/s10579-009-9099-7
000276471100009	2	10.1007/s10579-009-9101-4
000279666800004	2	10.1162/coli.2010.36.2.09054
000281401300005	1	10.1080/13569783.2010.495270
000281744900005	2	10.1162/coli_a_00004
000281744900007	2	NULL
000281744900009	2	10.1162/coli_a_00009
000283876600005	1	10.1080/13569783.2010.512187
000284412200002	2	10.1080/09296174.2010.512161
000284754100002	1	10.1093/llc/fqp007
000284754800010	1	10.1093/llc/fqp023
000284755400001	1	10.1093/llc/fqn043
000284755400004	1	10.1093/llc/fqp002
000284755400007	1	10.1093/llc/fqp027
000284758300008	1	10.1093/llc/fqp040
000285382400004	2	10.1162/coli_a_00014
000287710000001	2	10.1080/09296174.2011.533586
000287710000003	2	10.1080/09296174.2011.533589
000288314500002	2	10.1162/coli_a_00034
000288314500007	2	10.1162/coli_a_00039
000288801500004	1	10.1093/llc/fqq027
000289850000002	2	10.1007/s10579-010-9131-y
000289850000003	2	10.1007/s10579-010-9132-x
000291029800001	2	10.1162/COLI_a_00049
000293709900005	2	10.1007/s10579-011-9159-7
000294122100004	1	10.1093/llc/fqr020
000295585600003	2	10.1080/09296174.2011.556005
000296132100006	1	10.1093/llc/fqr033
000298118200007	2	10.1162/COLI_a_00077
000299555100003	2	10.1080/09296174.2011.581850
000299627600002	1	10.1080/13569783.2011.566987
000299627600004	1	10.1080/13569783.2011.566989
000299627900007	1	10.1080/13569783.2011.589997
000299627900009	1	10.1080/13569783.2011.589999
000299629300002	1	10.1080/13569783.2011.616399
000299629300005	1	10.1080/13569783.2011.617104
000301006300003	2	10.1162/COLI_a_00085
000304199900003	1	10.1093/llc/fqs002
000307651800003	2	10.1080/09296174.2012.659003
000309134500003	2	10.1007/s10579-012-9177-0
000309134500004	2	10.1007/s10579-012-9188-x
000309134500005	2	10.1007/s10579-012-9181-4
000310373700007	1	10.1093/llc/fqs013
000311172500003	2	10.1162/COLI_a_00110
000316004500010	2	10.1007/s10579-012-9195-y
000316543200012	1	10.1093/llc/fqs058
000319473300002	1	10.1093/llc/fqs067
000319473300003	1	10.1093/llc/fqt016
000319473300018	1	10.1093/llc/fqs007
000319566100011	1	10.1080/13569783.2013.787263
000326867300001	2	10.1080/09296174.2013.830549
000326867300003	2	10.1080/09296174.2013.830551
000326867300005	2	10.1080/09296174.2013.830552
000331800800005	1	10.1080/13569783.2013.872431
000333516500002	1	10.1080/13569783.2013.836917
000333516500005	1	10.1080/13569783.2013.836919
000334162900005	1	10.1093/llc/fqt008
000335779200004	2	10.1007/s10579-013-9259-7
000335779200007	2	10.1007/s10579-013-9261-0
000337244600004	1	10.1080/13569783.2014.895617
000338029100004	2	10.1080/09296174.2014.911510
000342908000005	1	10.1080/13569783.2014.928008
000345150100006	2	10.1162/COLI_a_00203
000345150100007	2	10.1162/COLI_a_00204
000345703000009	2	10.1007/s10579-014-9278-z
000345703000010	2	10.1007/s10579-014-9279-y
000356451800003	1	10.1093/llc/fqt035
000357578000001	2	10.1007/s10579-015-9298-3
000357578000007	2	10.1007/s10579-014-9290-3
000361044700005	2	10.1162/COLI_a_00229
000364230000003	2	10.1007/s10579-015-9299-2
000364762000020	1	10.1080/13569783.2015.1059271
000364762000031	1	10.1080/13569783.2015.1059750
000364762000036	1	10.1080/13569783.2015.1059265
000365861900009	1	10.1080/13569783.2015.1070663
000365861900010	1	10.1080/13569783.2015.1068108
000367448800010	1	10.1093/llc/fqu049
000367449700013	1	10.1093/llc/fqv042
000367813400001	2	10.1162/COLI_a_00232
000370863100004	2	10.1007/s10579-015-9313-8
000371746500005	2	10.1080/09296174.2015.1071150
000371922500014	1	10.1080/13569783.2015.1127144
000375471100002	1	10.1080/13569783.2016.1155405
000087589500004	1	10.1023/A:1002419305990
000087589500023	1	10.1023/A:1002454919194
000089635700001	2	10.1162/089120100561719
000167733600002	1	10.1023/A:1002485918032
000170991800002	1	10.1023/A:1011851209975
000171613600004	2	10.1162/089120101317066131
000172594900004	1	NULL
000172594900005	1	NULL
000176756300009	1	10.1023/A:1016170031420
000177248700001	2	10.1162/089120102760173625
000177980500003	1	10.1023/A:1020201615753
000180268700004	1	10.1023/A:1021895322291
000180268700005	1	10.1023/A:1021859725926
000181707500002	2	NULL
000184508600002	1	10.1023/A:1025064105053
000185302500001	1	10.1023/A:1025720518994
000186631500002	2	10.1162/089120103322711578
000186631500003	2	10.1162/089120103322711587
000207735300007	1	10.1093/llc/fqm044
000207735500009	1	10.1093/llc/fqn020
000209902400002	1	10.1145/2597178
000209902600003	1	10.1145/2629484
000220741000003	2	10.1162/089120104773633385
000221116700004	2	10.1162/089120103322753365
000225712200001	2	10.1162/0891201042544893
000237100000004	2	10.1007/s10579-005-7884-5
000242286600002	2	10.1007/s10579-006-9006-4
000242286600005	2	10.1007/s10579-006-9009-1
000247471600003	2	10.1162/coli.2007.33.2.201
000250442700003	2	10.1007/s10579-007-9016-x
000250467300003	2	10.1007/s10579-007-9022-z
000250467300015	2	10.1007/s10579-007-9019-7
000251759800003	2	10.1162/coli.2007.33.4.477
000256443500002	2	10.1080/09296170600850585
000256592800003	2	10.1080/09296170701794302
000256877500001	2	10.1080/09296170801961785
000256877500004	2	10.1080/09296170801961843
000257139400002	2	10.1162/coli.2008.34.2.161
000258162700003	2	10.1080/09296170802159512
000258643400004	2	10.1162/coli.2008.07-051-R2-03-57
000266277800002	2	10.1080/09296170902734164
000269451300003	2	10.1080/09296170902975742
000269913700003	2	10.1007/s10579-009-9092-1
000271982700004	2	10.1007/s10579-009-9106-z
000276471100004	2	10.1007/s10579-009-9095-y
000277771100004	2	10.1080/09296171003643205
000279010600002	1	10.1080/13569780802655731
000279055400004	1	10.1080/13569780902868812
000279055400007	1	10.1080/13569780902868911
000279055600005	1	10.1080/13569780903286048
000281854100001	2	10.1080/09296174.2010.485444
000283876600002	1	10.1080/13569783.2010.512183
000283876600004	1	10.1080/13569783.2010.512186
000283876600006	1	10.1080/13569783.2010.512189
000284412200004	2	10.1080/09296174.2010.512166
000284754800005	1	10.1093/llc/fqp018
000284758300006	1	10.1093/llc/fqq001
000284758900003	1	10.1093/llc/fqq006
000285382400002	2	10.1162/coli_a_00018
000285641500002	1	10.1093/llc/fqq020
000287922900006	2	10.1007/s10579-009-9111-2
000288314500003	2	10.1162/coli_a_00035
000288314500006	2	10.1162/coli_a_00038
000288801500005	1	10.1093/llc/fqq013
000289850000001	2	10.1007/s10579-010-9129-5
000296881000003	2	10.1007/s10579-010-9126-8
000298118200002	2	10.1162/COLI_a_00072
000299555400002	2	10.1080/09296174.2011.608606
000308083100005	2	10.1162/COLI_a_00093
000308083100006	2	10.1162/COLI_a_00090
000310164600002	2	10.1007/s10579-011-9148-x
000310321000005	1	10.1080/13569783.2012.727625
000310321000009	1	10.1080/13569783.2012.727629
000311172500001	2	10.1162/COLI_a_00129
000311172500005	2	10.1162/COLI_a_00112
000316004500004	2	10.1007/s10579-011-9168-6
000319473300011	1	10.1093/llc/fqs068
000319776500009	2	10.1007/s10579-013-9221-8
000323643100009	1	10.1093/llc/fqs056
000323754700008	2	10.1007/s10579-012-9206-z
000323754700012	2	10.1007/s10579-013-9219-2
000327244300005	1	10.1093/llc/fqt038
000327244300007	1	10.1093/llc/fqt024
000328531700001	2	10.1080/09296174.2013.856132
000331800800003	1	10.1080/13569783.2013.872427
000331800800009	1	10.1080/13569783.2013.872430
000333516500003	1	10.1080/13569783.2013.836921
000334162900008	1	10.1093/llc/fqt009
000334162900009	1	10.1093/llc/fqs073
000338029100003	2	10.1080/09296174.2014.911508
000338196000003	2	10.1162/COLI_a_00173
000338196000005	2	10.1162/COLI_a_00175
000340618500003	2	10.1007/s10579-014-9266-3
000341015900002	2	10.1080/09296174.2014.944329
000341843500005	2	10.1162/COLI_a_00194
000345703000005	2	10.1007/s10579-014-9267-2
000345836000006	1	10.1093/llc/fqu037
000350571000006	1	10.1080/13569783.2014.975111
000355405000002	1	10.1080/13569783.2015.1020054
000356452400003	1	10.1093/llc/fqt054
000356452400006	1	10.1093/llc/fqt047
000356452400008	1	10.1093/llc/fqt068
000357648900002	2	10.1080/09296174.2015.1037161
000358361300002	2	10.1007/s10579-015-9306-7
000359625700002	2	10.1162/COLI_a_00219
000367448800007	1	10.1093/llc/fqu033
000367813400007	2	10.1162/COLI_a_00240
000370863100005	2	10.1007/s10579-015-9332-5
000375471100006	1	10.1080/13569783.2016.1155404
000375471100008	1	10.1080/13569783.2016.1155408
000375471100010	1	10.1080/13569783.2016.1155407
000378040800002	2	10.1162/COLI_a_00246
000378144700012	1	10.1093/llc/fqu044
000379618200004	2	10.1080/09296174.2016.1142328
000380128100008	1	10.1080/13569783.2016.1192948
000384763200007	1	10.1093/llc/fqu061
000384763200008	1	10.1093/llc/fqu067
000384763200011	1	10.1093/llc/fqu073
000384763200012	1	10.1093/llc/fqu062
000385833600002	1	10.1093/llc/fqv010
000386585800002	1	10.1080/13569783.2016.1220243
000395810700013	1	10.1093/llc/fqw003
000396579800008	1	10.1080/13569783.2016.1263557
000398126100007	1	10.1093/llc/fqv036
000398126100012	1	10.1093/llc/fqv062
000398796800005	2	10.1162/COLI_a_00277
000399500000003	2	10.1080/09296174.2016.1265792
000399736000006	1	10.1145/3012284
000403358700001	2	10.1007/s10579-016-9369-0
000404611300003	2	10.1162/COLI_a_00286
000407360600002	2	10.1007/s10579-016-9347-6
000086370300006	2	10.1162/089120100561647
000167733600008	1	10.1023/A:1002620720223
000172594900007	1	NULL
000180120400002	2	10.1162/089120102762671936
000180268700003	1	10.1023/A:1021803606361
000180268700006	1	10.1023/A:1021839220474
000181393800006	1	10.1023/A:1022629013690
000186631500004	2	10.1162/089120103322711596
000207735400003	1	10.1093/llc/fqn004
000209902300003	1	10.1145/2629485
000209902300009	1	10.1145/2626289
000209929400001	1	10.1145/2533988
000220741000002	2	10.1162/089120104773633376
000225712200003	2	10.1162/0891201042544938
000237100000002	2	10.1007/s10579-005-7882-7
000237977900003	2	10.1162/089120106776173093
000237977900005	2	10.1162/coli.2006.32.1.83
000238767600004	2	10.1162/coli.2006.32.2.263
000242377300002	2	10.1162/coli.2006.32.4.471
000250467300005	2	10.1007/s10579-007-9036-6
000250467300007	2	10.1007/s10579-007-9029-5
000254203200007	2	10.1007/s10579-007-9053-5
000258643400003	2	10.1162/coli.2008.07-017-R1-06-83
000261404600003	2	10.1162/coli.07-056-R1-07-027
000263493700003	2	10.1080/09296170802514187
000263493700004	2	10.1080/09296170802514138
000263798100004	2	10.1007/s10579-008-9078-4
000266250400006	2	10.1007/s10579-009-9085-0
000271982700001	2	10.1007/s10579-009-9100-5
000271982700002	2	10.1007/s10579-009-9103-2
000272970700004	2	10.1080/09296170903211519
000276471100002	2	10.1007/s10579-009-9093-0
000277771100001	2	10.1080/09296171003642983
000277771100002	2	10.1080/09296171003643098
000279055400008	1	10.1080/13569780902868952
000279055500003	1	10.1080/13569780903072125
000279086100006	2	10.1007/s10579-010-9117-9
000281401300003	1	10.1080/13569783.2010.495266
000281401300004	1	10.1080/13569783.2010.495269
000281401300008	1	10.1080/13569783.2010.495275
000281744900003	2	10.1162/coli_a_00002
000284753400007	1	10.1093/llc/fqn038
000284754100008	1	10.1093/llc/fqp003
000284755400005	1	10.1093/llc/fqn044
000284757100001	1	10.1093/llc/fqp032
000287404800006	1	10.1080/13569783.2011.541610
000287710000002	2	10.1080/09296174.2011.533588
000287922900005	2	10.1007/s10579-010-9115-y
000288801500009	1	10.1093/llc/fqq017
000295585600001	2	10.1080/09296174.2011.556002
000295585600002	2	10.1080/09296174.2011.556003
000296881000005	2	10.1007/s10579-011-9147-y
000299555100002	2	10.1080/09296174.2011.581849
000299555100004	2	10.1080/09296174.2011.583405
000299629300006	1	10.1080/13569783.2011.617106
000301985600003	1	10.1093/llc/fqr045
000302081800003	2	10.1080/09296174.2012.638796
000304199900002	1	10.1093/llc/fqs010
000308083100003	2	10.1162/COLI_a_00092
000309469100002	1	10.1093/llc/fqs035
000309469100003	1	10.1093/llc/fqs031
000310321000002	1	10.1080/13569783.2012.727622
000310373700002	1	10.1093/llc/fqs034
000315648000005	2	10.1162/COLI_a_00135
000319473300007	1	10.1093/llc/fqs069
000319473300015	1	10.1093/llc/fqt007
000319473300016	1	10.1093/llc/fqs018
000321607200003	2	10.1080/09296174.2013.799917
000321607200004	2	10.1080/09296174.2013.799914
000321607200005	2	10.1080/09296174.2013.799912
000321607200007	2	10.1080/09296174.2013.799910
000323643100001	1	10.1093/llc/fqs041
000325692300002	1	10.1080/13569783.2013.810923
000325692300008	1	10.1080/13569783.2013.810926
000326867300002	2	10.1080/09296174.2013.830550
000327244300006	1	10.1093/llc/fqt048
000327244300016	1	10.1093/llc/fqt061
000327244300018	1	10.1093/llc/fqt049
000327244300020	1	10.1093/llc/fqt050
000328213000008	2	10.1007/s10579-013-9227-2
000328531700003	2	10.1080/09296174.2013.856131
000331800800006	1	10.1080/13569783.2013.872426
000333210000006	2	10.1007/s10579-014-9265-4
000337244600006	1	10.1080/13569783.2014.911806
000338029100001	2	10.1080/09296174.2014.911505
000338196000006	2	10.1162/COLI_a_00176
000341843500001	2	10.1162/COLI_a_00190
000341843500006	2	10.1162/COLI_a_00195
000345150100004	2	10.1162/COLI_a_00200
000345703000008	2	10.1007/s10579-014-9273-4
000345836300009	1	10.1093/llc/fqu041
000349889400007	2	10.1007/s10579-014-9283-2
000350571000005	1	10.1080/13569783.2014.983467
000350571000008	1	10.1080/13569783.2014.986447
000355405000012	1	10.1080/13569783.2015.1019444
000356451800007	1	10.1093/llc/fqt037
000357648900001	2	10.1080/09296174.2015.1037159
000358361300010	2	10.1007/s10579-015-9294-7
000359625700003	2	10.1162/COLI_a_00220
000359625700005	2	10.1162/COLI_a_00222
000364015200011	1	10.1093/llc/fqu007
000367449700003	1	10.1093/llc/fqv045
000367449700009	1	10.1093/llc/fqv049
000367813400004	2	10.1162/COLI_a_00237
000370863100003	2	10.1007/s10579-015-9328-1
000371922500001	1	NULL
000379618200003	2	10.1080/09296174.2016.1142327
000380128100010	1	10.1080/13569783.2016.1189821
000384763200004	1	10.1093/llc/fqu063
000385615700004	2	10.1080/09296174.2016.1169848
000388306600004	2	10.1080/09296174.2015.1106269
000388852400003	1	10.1145/2905369
000388852400005	1	10.1145/2966985
000393039600002	2	10.1007/s10579-015-9317-4
000393039600003	2	10.1007/s10579-015-9320-9
000396579800004	1	10.1080/13569783.2016.1263561
000398124800005	2	10.1007/s10579-015-9321-8
000399927200002	1	10.1080/13569783.2017.1286977
000399927200007	1	10.1080/13569783.2017.1293510
000403358700005	2	10.1007/s10579-015-9329-0
000404351100007	1	10.1080/13569783.2017.1324776
000406002800009	1	10.1093/llc/fqw004
000406002800015	1	10.1093/llc/fqw006
000407360600003	2	10.1007/s10579-016-9378-z
000407360600008	2	10.1007/s10579-016-9367-2
000407360600012	2	10.1007/s10579-016-9359-2
000407647900003	1	10.1145/3012289
000411507800004	2	10.1162/COLI_a_00294
000417646400007	2	10.1162/COLI_a_00304
000417904700005	1	10.1093/llc/fqw045
000087906500001	2	10.1162/089120100561656
000089635700003	2	10.1162/089120100561737
000168871500002	2	10.1162/089120100750105939
000169648000001	1	10.1023/A:1017563931115
000169648000007	1	10.1023/A:1017901705018
000173575800004	2	10.1162/089120101753342653
000174569000005	1	10.1023/A:1014348124664
000175684600004	2	10.1162/089120102317341774
000176756300005	1	10.1023/A:1016122115490
000176756300008	1	10.1023/A:1016174116399
000177959300002	2	10.1162/089120102760275992
000181393800002	1	10.1023/A:1022673822140
000181393800003	1	10.1023/A:1022604723049
000184508600004	1	10.1023/A:1025071200644
000184508600005	1	10.1023/A:1025087115665
000184508600008	1	10.1023/A:1025039611798
000185302500006	1	10.1023/A:1025775401524
000187353300004	1	10.1023/B:CHUM.0000009225.28847.77
000207735600004	1	10.1093/llc/fqn023
000209902300004	1	10.1145/2614567
000209902400001	1	10.1145/2567652
000209902400003	1	10.1145/2558306
000220741000001	2	10.1162/089120104773633367
000239022500004	2	10.1007/s10579-006-9001-9
000239022500005	2	10.1007/s10579-006-9002-8
000242377300001	2	10.1162/coli.2006.32.4.457
000244448000004	2	10.1007/s10579-006-9013-5
000247471600002	2	10.1162/coli.2007.33.2.161
000250467300006	2	10.1007/s10579-007-9023-y
000250467300013	2	10.1007/s10579-007-9030-z
000258643400005	2	10.1162/coli.2008.07-002-R1-06-30
000261404600002	2	10.1162/coli.2008.07-028-R2-05-82
000263798100003	2	10.1007/s10579-008-9074-8
000266250400004	2	10.1007/s10579-009-9084-1
000266277800001	2	10.1080/09296170902734156
000274220500001	2	10.1080/09296170903395890
000275310400004	2	10.1162/coli.2010.36.1.36103
000279666800001	2	10.1162/coli.09-023-R1-08-002
000279666800002	2	10.1162/coli.09-036-R2-08-050
000281744900006	2	10.1162/coli_a_00005
000284754100009	1	10.1093/llc/fqp006
000284754800004	1	10.1093/llc/fqp017
000284754800011	1	10.1093/llc/fqp024
000284758300002	1	10.1093/llc/fqp038
000284758300005	1	10.1093/llc/fqq002
000289850000006	2	10.1007/s10579-011-9141-4
000289850000007	2	10.1007/s10579-010-9128-6
000293709900004	2	10.1007/s10579-011-9155-y
000294295200002	2	10.1162/COLI_a_00063
000299627600005	1	10.1080/13569783.2011.566991
000299629300003	1	10.1080/13569783.2011.617099
000299629300008	1	10.1080/13569783.2011.617110
000301985600007	1	10.1093/llc/fqr039
000302289800006	1	10.1080/13569783.2012.648989
000306100900003	2	10.1162/COLI_a_00097
000306831700002	1	10.1080/13569783.2012.694028
000307651800002	2	10.1080/09296174.2012.659000
000307652300003	2	10.1080/09296174.2012.685304
000309134500007	2	10.1007/s10579-012-9191-2
000309134500009	2	10.1007/s10579-012-9186-z
000309469100008	1	10.1093/llc/fqs037
000311508200007	2	10.1007/s10579-012-9182-3
000315204400004	1	10.1080/13569783.2012.756169
000315648000003	2	10.1162/COLI_a_00133
000315648000006	2	10.1162/COLI_a_00136
000316004500011	2	10.1007/s10579-012-9185-0
000316543200001	1	10.1093/llc/fqs062
000318556900002	2	10.1162/COLI_a_00123
000318556900004	2	10.1162/COLI_a_00125
000319473300013	1	10.1093/llc/fqs076
000319566100009	1	10.1080/13569783.2013.787258
000319776500004	2	10.1007/s10579-012-9199-7
000321607200002	2	10.1080/09296174.2013.799918
000323754700003	2	10.1007/s10579-012-9202-3
000323754700010	2	10.1007/s10579-012-9209-9
000325692300003	1	10.1080/13569783.2013.810929
000325864800006	2	10.1162/COLI_a_00145
000326867300004	2	10.1080/09296174.2013.830553
000327244300004	1	10.1093/llc/fqt058
000327244300011	1	10.1093/llc/fqt053
000327244300015	1	10.1093/llc/fqt017
000328213000007	2	10.1007/s10579-013-9224-5
000328213000010	2	10.1007/s10579-013-9232-5
000328213000018	2	10.1007/s10579-013-9239-y
000328531700002	2	10.1080/09296174.2013.856130
000333210000002	2	10.1007/s10579-013-9243-2
000337081700003	1	10.1093/llc/fqt025
000341015900003	2	10.1080/09296174.2014.944330
000341843500004	2	10.1162/COLI_a_00193
000342908000007	1	10.1080/13569783.2014.928010
000342908000008	1	10.1080/13569783.2014.928011
000342908000009	1	10.1080/13569783.2014.928012
000345703000003	2	10.1007/s10579-013-9258-8
000345836000014	1	10.1093/llc/fqu016
000349889400001	2	10.1007/s10579-014-9288-x
000351506600001	2	10.1080/09296174.2014.1001634
000356451800006	1	10.1093/llc/fqt044
000356451800008	1	10.1093/llc/fqt031
000356451800011	1	10.1093/llc/fqs066
000358361300001	2	10.1007/s10579-015-9308-5
000361044700004	2	10.1162/COLI_a_00228
000367449700005	1	10.1093/llc/fqv041
000367449700014	1	10.1093/llc/fqv013
000371922500012	1	10.1080/13569783.2015.1126173
000378144700007	1	10.1093/llc/fqu043
000379618200005	2	10.1080/09296174.2016.1142329
000380128100011	1	10.1080/13569783.2016.1194191
000380128100015	1	10.1080/13569783.2016.1194194
000385833600009	1	10.1093/llc/fqu072
000385833600011	1	10.1093/llc/fqv038
000385833600012	1	10.1093/llc/fqv004
000386585800012	1	10.1080/13569783.2016.1220247
000388281400004	2	10.1007/s10579-015-9330-7
000388281400007	2	10.1007/s10579-015-9331-6
000388306600001	2	10.1080/09296174.2015.1106271
000388852400002	1	10.1145/2901297
000391726300002	1	10.1145/2950062
000393039600004	2	10.1007/s10579-015-9322-7
000393039600007	2	10.1007/s10579-015-9326-3
000395810700004	1	10.1093/llc/fqv021
000395810700005	1	10.1093/llc/fqv023
000395810700009	1	10.1093/llc/fqw011
000395810700010	1	10.1093/llc/fqw043
000398124800009	2	10.1007/s10579-016-9341-z
000398126100006	1	10.1093/llc/fqv032
000398126100011	1	10.1093/llc/fqv037
000399736200002	1	10.1145/3009905
000403358700002	2	10.1007/s10579-016-9372-5
000403358700003	2	10.1007/s10579-017-9384-9
000406002800004	1	10.1093/llc/fqv069
000377898300005	2	10.1007/s10579-016-9348-5
000378040800003	2	10.1162/COLI_a_00247
000378040800006	2	10.1162/COLI_a_00250
000378144700011	1	10.1093/llc/fqu070
000379618200002	2	10.1080/09296174.2016.1142324
000380128100004	1	10.1080/13569783.2016.1194190
000384451900001	2	10.1162/COLI_a_00252
000384763200006	1	10.1093/llc/fqu069
000385833600001	1	10.1093/llc/fqv011
000385833600003	1	10.1093/llc/fqv001
000385833600014	1	10.1093/llc/fqv016
000396579800010	1	10.1080/13569783.2016.1264267
000398126100010	1	10.1093/llc/fqv030
000399500000001	2	10.1080/09296174.2016.1265799
000399736200003	1	10.1145/2996469
000399736200004	1	10.1145/2996859
000403358700006	2	10.1007/s10579-016-9344-9
000404351100006	1	10.1080/13569783.2017.1327804
000404611300005	2	10.1162/COLI_a_00287
000411504500002	2	10.1080/09296174.2017.1304620
000411507800002	2	10.1162/COLI_a_00292
000413908800002	1	10.1080/13569783.2017.1366257
000417904700004	1	10.1093/llc/fqw053
000417909900008	1	10.1093/llc/fqw034
000417909900011	1	10.1093/llc/fqw040
000417909900013	1	10.1093/llc/fqw047
000417911000002	1	10.1093/llc/fqx023
000417911000015	1	10.1093/llc/fqx028
000419453500004	1	10.1145/3097570
000419904800004	1	10.1080/13569783.2017.1396209
000427544200004	2	10.1162/COLI_a_00308
000427558500001	2	10.1080/09296174.2017.1324601
000432144400007	2	10.1007/s10579-017-9391-x
000436336500002	2	10.1080/09296174.2017.1370192
000438146000004	1	10.1080/13569783.2018.1474095
000441548800007	2	10.1007/s10579-017-9409-4
000443559100005	1	10.1093/llc/fqx044
000443559100006	1	10.1093/llc/fqx040
000444091500003	1	10.1080/13569783.2018.1508990
000444091500005	1	10.1080/13569783.2018.1494557
000444091500009	1	10.1080/13569783.2018.1508991
000448060000004	2	10.1007/s10579-018-9419-x
000452749800004	1	10.1093/llc/fqy007
000456779800001	1	10.1145/3131610
000456779800004	1	10.1145/3195727
000087589500003	1	10.1023/A:1002609006340
000087589500007	1	10.1023/A:1002605522910
000087589500018	1	10.1023/A:1002661023178
000087589500019	1	10.1023/A:1002459020102
000088075200003	1	10.1023/A:1002630710402
000088075200004	1	10.1023/A:1002089109613
000089635700004	2	10.1162/089120100561746
000169545700001	2	10.1162/089120101750300490
000170991800004	1	10.1023/A:1011877503081
000173575800003	2	10.1162/089120101753342644
000174569000003	1	10.1023/A:1014344527505
000177959300001	2	10.1162/089120102760275983
000180268700008	1	10.1023/A:1021855607270
000181707500005	2	10.1162/089120103321337458
000183862100003	2	10.1162/089120103322145315
000207735300003	1	10.1093/llc/fqm039
000209902400005	1	10.1145/2597183
000209902600006	1	10.1145/2637485
000209902600007	1	10.1145/2629682
000222533400002	2	10.1162/089120104323093276
000225712200004	2	10.1162/0891201042544929
000225838500004	1	10.1007/s10579-004-1948-9
000235203600005	2	10.1162/089120105775299177
000235356800006	2	10.1007/s10579-005-2696-1
000240734900002	2	10.1162/coli.2006.32.3.341
000250467300001	2	10.1007/s10579-007-9041-9
000251759800002	2	10.1162/coli.2007.33.4.469
000254203200006	2	10.1007/s10579-007-9055-3
000256592800002	2	10.1080/09296170701794278
000258117600006	2	10.1007/s10579-008-9064-x
000258162700002	2	10.1080/09296170802159488
000263493700002	2	10.1080/09296170802514153
000269451300001	2	10.1080/09296170902975692
000272350800003	2	10.1162/coli.06-77-prep13
000272350900003	2	10.1162/coli.08-012-R1-06-90
000272466300010	2	10.1162/coli.2009.35.4.35404
000272970700002	2	10.1080/09296170903211485
000276471100001	2	10.1007/s10579-009-9105-0
000276471100006	2	10.1007/s10579-009-9098-8
000279055400009	1	10.1080/13569780902868960
000279055500006	1	10.1080/13569780903072224
000279055900004	1	10.1080/13569780903481003
000279056000005	1	10.1080/13569781003700086
000279056000009	1	10.1080/13569781003700151
000279666800003	2	10.1162/coli.09-032-R1-08-034
000281744900011	2	10.1162/coli_a_00011
000281854100003	2	10.1080/09296174.2010.485447
000284753400004	1	10.1093/llc/fqn034
000284754100010	1	10.1093/llc/fqp009
000284755400002	1	10.1093/llc/fqn012
000284757100002	1	10.1093/llc/fqp035
000284757100007	1	10.1093/llc/fqp034
000285641500007	1	10.1093/llc/fqq022
000287404800002	1	10.1080/13569783.2011.541598
000287922900003	2	10.1007/s10579-009-9113-0
000288314500004	2	10.1162/coli_a_00036
000293709900001	2	10.1007/s10579-011-9157-9
000293709900003	2	10.1007/s10579-011-9152-1
000294122100006	1	10.1093/llc/fqr029
000296132100002	1	10.1093/llc/fqr018
000296881000002	2	10.1007/s10579-011-9154-z
000298118200004	2	10.1162/COLI_a_00074
000299555400003	2	10.1080/09296174.2011.608607
000302081800004	2	10.1080/09296174.2012.638797
000302289400001	2	10.1007/s10579-011-9170-z
000302289400004	2	10.1007/s10579-011-9161-0
000302289800007	1	10.1080/13569783.2012.648991
000308083100004	2	10.1162/COLI_a_00091
000310321000004	1	10.1080/13569783.2012.727624
000310373700001	1	10.1093/llc/fqs028
000311508200001	2	10.1007/s10579-011-9145-0
000311508200003	2	10.1007/s10579-011-9156-x
000311508200005	2	10.1007/s10579-011-9171-y
000315648000009	2	10.1162/COLI_a_00139
000316004500003	2	10.1007/s10579-011-9167-7
000316004500009	2	10.1007/s10579-012-9187-y
000316543200010	1	10.1093/llc/fqs060
000317911900002	2	10.1080/09296174.2013.773141
000317911900003	2	10.1080/09296174.2013.773137
000319473300005	1	10.1093/llc/fqs033
000322301300006	2	10.1080/09296174.2012.754602
000325692300005	1	10.1080/13569783.2013.810931
000327124100001	2	10.1162/COLI_a_00150
000327244300002	1	10.1093/llc/fqt046
000327244300010	1	10.1093/llc/fqt039
000328531700005	2	10.1080/09296174.2013.856129
000340618500001	2	10.1007/s10579-014-9268-1
000345008700002	1	10.1080/13569783.2014.954811
000345150100003	2	10.1162/COLI_a_00199
000345703000002	2	10.1007/s10579-014-9286-z
000345836000002	1	10.1093/llc/fqu022
000345836300003	1	10.1093/llc/fqu050
000345836300004	1	10.1093/llc/fqu040
000345836300005	1	10.1093/llc/fqu046
000346409800004	2	10.1080/09296174.2014.945869
000349889400004	2	10.1007/s10579-014-9272-5
000349889400008	2	10.1007/s10579-013-9250-3
000350571000007	1	10.1080/13569783.2014.983061
000353049400004	2	10.1162/COLI_a_00209
000356452400005	1	10.1093/llc/fqu002
000357578000006	2	10.1007/s10579-014-9287-y
000359625700001	2	10.1162/COLI_a_00218
000361044700001	2	10.1162/COLI_a_00225
000361044700002	2	10.1162/COLI_a_00226
000364230000001	2	10.1007/s10579-015-9314-7
000364762000013	1	10.1080/13569783.2015.1059264
000364762000014	1	10.1080/13569783.2015.1060849
000364762000021	1	10.1080/13569783.2015.1059258
000364762000039	1	10.1080/13569783.2015.1059259
000367449700011	1	10.1093/llc/fqv048
000367449700012	1	10.1093/llc/fqv052
000367449700018	1	10.1093/llc/fqv047
000371746500002	2	10.1080/09296174.2015.1071147
000371746500004	2	10.1080/09296174.2015.1071149
000375471100012	1	10.1080/13569783.2016.1157016
000378040800001	2	10.1162/COLI_a_00245
000378144700002	1	10.1093/llc/fqu045
000378144700008	1	10.1093/llc/fqu057
000384451900003	2	10.1162/COLI_a_00254
000384763200005	1	10.1093/llc/fqu068
000388306600002	2	10.1080/09296174.2015.1106270
000391726300005	1	10.1145/2994151
000394880300001	2	10.1162/COLI_a_00260
000396579800011	1	10.1080/13569783.2016.1262249
000398124800004	2	10.1007/s10579-015-9316-5
000398126100003	1	10.1093/llc/fqv028
000398126100008	1	10.1093/llc/fqv026
000399736000005	1	10.1145/2983917
000399736000008	1	10.1145/3012286
000403358700009	2	10.1007/s10579-017-9381-z
000087589500010	1	10.1023/A:1002463121011
000087589500014	1	10.1023/A:1002450818285
000087589500016	1	10.1023/A:1002463718479
000088075200008	1	10.1023/A:1002623823124
000089635700005	2	10.1162/089120100561755
000167734800005	1	10.1023/A:1002705506386
000168871500001	2	10.1162/089120100750105920
000168872200004	2	10.1162/089120101300346813
000175684600001	2	10.1162/089120102317341747
000176756300007	1	10.1023/A:1016130317308
000177248700002	2	10.1162/089120102760173634
000180120400004	2	10.1162/089120102762671954
000181393800005	1	10.1023/A:1022617505636
000181707500004	2	10.1162/089120103321337449
000186631500005	2	10.1162/089120103322711604
000187353300001	1	10.1023/B:CHUM.0000009290.14571.59
000207622400002	2	10.1080/09296170701379336
000207622400004	2	10.1080/09296170701379260
000207735500005	1	10.1093/llc/fqn013
000207735600001	1	10.1093/llc/fqn011
000209902400004	1	10.1145/2597179
000209902600001	1	10.1145/2594443
000209902600002	1	10.1145/2622609
000209902600004	1	10.1145/2629513
000221116700002	2	10.1162/089120103322753347
000221930200003	1	10.1023/B:CHUM.0000031171.79841.02
000221930200005	1	10.1023/B:CHUM.0000031173.25446.37
000228836600005	2	10.1162/0891201053630318
000230227800005	2	10.1162/0891201054223977
000242286600003	2	10.1007/s10579-006-9007-3
000242286600004	2	10.1007/s10579-006-9008-2
000244448000005	2	10.1007/s10579-006-9014-4
000249327800005	2	10.1162/coli.2007.33.3.397
000250467300008	2	10.1007/s10579-007-9034-8
000250467300010	2	10.1007/s10579-007-9032-x
000250722300002	2	10.1007/s10579-007-9033-9
000254203300002	2	10.1007/s10579-007-9048-2
000256443500004	2	10.1080/09296170600850627
000257139400004	2	10.1162/coli.2008.34.2.225
000260838500003	2	10.1007/s10579-008-9069-5
000263798100006	2	10.1007/s10579-008-9075-7
000272350600003	2	10.1162/coli.07-036-R2-06-22
000272350900002	2	10.1162/coli.08-022-R2-06-26
000275310400002	2	10.1162/coli.2010.36.1.36101
000276471100003	2	10.1007/s10579-009-9094-z
000276471100005	2	10.1007/s10579-009-9097-9
000279055400002	1	10.1080/13569780902868713
000279055500002	1	10.1080/13569780903072117
000279055500004	1	10.1080/13569780903072174
000279055600004	1	10.1080/13569780903286030
000279086100005	2	10.1007/s10579-010-9121-0
000283876600007	1	10.1080/13569783.2010.512190
000284753400002	1	10.1093/llc/fqn032
000284754100005	1	10.1093/llc/fqp010
000284754800002	1	10.1093/llc/fqp015
000284758300003	1	10.1093/llc/fqp030
000284758300007	1	10.1093/llc/fqp039
000285641500005	1	10.1093/llc/fqq021
000287404800009	1	10.1080/13569783.2011.541613
000287710000004	2	10.1080/09296174.2011.533591
000288314500008	2	10.1162/coli_a_00040
000288801500003	1	10.1093/llc/fqq016
000289850000004	2	10.1007/s10579-010-9133-9
000293709900006	2	10.1007/s10579-011-9158-8
000293709900007	2	10.1007/s10579-011-9153-0
000294122100005	1	10.1093/llc/fqr023
000294122100014	1	10.1093/llc/fqr021
000294295200004	2	10.1162/COLI_a_00060
000294295200005	2	10.1162/COLI_a_00061
000299627900003	1	10.1080/13569783.2011.589994
000302081800001	2	10.1080/09296174.2011.608604
000302289400009	2	10.1007/s10579-011-9173-9
000304174500003	1	10.1080/13569783.2012.670423
000304174500005	1	10.1080/13569783.2012.670425
000304199900007	1	10.1093/llc/fqs011
000306100900004	2	10.1162/COLI_a_00098
000306100900006	2	10.1162/COLI_a_00099
000307652300001	2	10.1080/09296174.2012.685302
000309469100006	1	10.1093/llc/fqs030
000311508200004	2	10.1007/s10579-011-9166-8
000313632100001	2	10.1080/09296174.2012.714531
000313632100003	2	10.1080/09296174.2012.714537
000315204400002	1	10.1080/13569783.2012.756165
000315204400003	1	10.1080/13569783.2012.756167
000316004500008	2	10.1007/s10579-012-9203-2
000316004500012	2	10.1007/s10579-012-9196-x
000316543200003	1	10.1093/llc/fqs049
000316543200008	1	10.1093/llc/fqs059
000317911900004	2	10.1080/09296174.2013.773138
000319566100006	1	10.1080/13569783.2013.787255
000319776500006	2	10.1007/s10579-012-9208-x
000319776500007	2	10.1007/s10579-013-9217-4
000321607200001	2	10.1080/09296174.2013.799919
000322301300004	2	10.1080/09296174.2012.754601
000325864800009	2	10.1162/COLI_a_00149
000327124700002	2	10.1162/COLI_a_00151
000327244300017	1	10.1093/llc/fqt043
000327244300019	1	10.1093/llc/fqt027
000328213000016	2	10.1007/s10579-013-9230-7
000333516500006	1	10.1080/13569783.2013.836915
000335779200008	2	10.1007/s10579-013-9249-9
000338196000001	2	10.1162/COLI_a_00184
000338196000004	2	10.1162/COLI_a_00174
000340618500002	2	10.1007/s10579-014-9263-6
000341843500008	2	10.1162/COLI_a_00197
000345703000006	2	10.1007/s10579-014-9291-2
000345703000007	2	10.1007/s10579-014-9277-0
000345836000009	1	10.1093/llc/fqu030
000345836300002	1	10.1093/llc/fqu054
000345836300008	1	10.1093/llc/fqu042
000349889400005	2	10.1007/s10579-013-9256-x
000349889400006	2	10.1007/s10579-014-9282-3
000350571000009	1	10.1080/13569783.2014.975110
000350571000012	1	10.1080/13569783.2014.983892
000357578000005	2	10.1007/s10579-015-9296-5
000358361300007	2	10.1007/s10579-015-9301-z
000358361300008	2	10.1007/s10579-015-9297-4
000358361300009	2	10.1007/s10579-014-9284-1
000364015200002	1	10.1093/llc/fqu008
000364015200006	1	10.1093/llc/fqu011
000364762000005	1	10.1080/13569783.2015.1059740
000364762000009	1	10.1080/13569783.2015.1059269
000367448800004	1	10.1093/llc/fqu014
000367448800009	1	10.1093/llc/fqu029
000367449700016	1	10.1093/llc/fqv039
000370863100001	2	10.1007/s10579-016-9337-8
000371746500006	2	10.1080/09296174.2015.1071151
000378144700009	1	10.1093/llc/fqu048
000379618200001	2	10.1080/09296174.2016.1142323
000417909900003	1	10.1093/llc/fqw046
000431078900001	1	10.1093/llc/fqw063
000431078900005	1	10.1093/llc/fqx013
000431078900008	1	10.1093/llc/fqw059
000431078900014	1	10.1093/llc/fqw064
000432144400001	2	10.1007/s10579-018-9412-4
000436132400003	2	10.1162/COLI_a_00316
000443900000005	1	10.1145/1841317.1841322
000443901600002	1	10.1145/1805961.1805963
000454327700002	2	10.1162/coli_a_00329
000454327700007	2	10.1162/coli_a_00334
000454327700012	2	10.1162/coli_a_00339
000406002800013	1	10.1093/llc/fqw002
000407647900002	1	10.1145/3012287
000415620500003	2	10.1007/s10579-016-9362-7
000415620500007	2	10.1007/s10579-016-9335-x
000417646400003	2	10.1162/COLI_a_00300
000417904700003	1	10.1093/llc/fqw052
000417904700014	1	10.1093/llc/fqw051
000417907800005	1	10.1093/llc/fqw015
000417909900005	1	10.1093/llc/fqw042
000417911000008	1	10.1093/llc/fqx042
000417911000012	1	10.1093/llc/fqx035
000419453500002	1	10.1145/3097569
000424674500002	2	10.1007/s10579-017-9388-5
000425711000007	1	10.1145/3075645
000430051300007	1	10.1080/13569783.2018.1440203
000430051300008	1	10.1080/13569783.2018.1438181
000431078900015	1	10.1093/llc/fqx003
000432144400006	2	10.1007/s10579-017-9395-6
000436132400005	2	10.1162/COLI_a_00318
000436336500001	2	10.1080/09296174.2017.1366095
000443559100011	1	10.1093/llc/fqx017
000443560800015	1	10.1093/llc/fqx024
000444091500010	1	10.1080/13569783.2018.1494556
000454327700003	2	10.1162/coli_a_00330
000454327700008	2	10.1162/coli_a_00335
000456779800003	1	10.1145/3183505
000457148000005	1	10.1145/3230670
000086370300003	2	10.1162/089120100561610
000087589500008	1	10.1023/A:1002486301447
000087589500009	1	10.1023/A:1002415205081
000087589500021	1	10.1023/A:1002467221920
000087589500026	1	10.1023/A:1002475423737
000165509000001	1	10.1023/A:1026591719273
000167734800004	1	10.1023/A:1002629217152
000168872200002	2	10.1162/089120101300346796
000169545700002	2	10.1162/089120101750300508
000169648000003	1	10.1023/A:1017507019909
000170991800003	1	10.1023/A:1011856202986
000171613600002	2	10.1162/089120101317066113
000173575800005	2	10.1162/089120101753342662
000174569000004	1	10.1023/A:1014368121689
000176756300006	1	10.1023/A:1016160114582
000177248700003	2	10.1162/089120102760173643
000177959300003	2	10.1162/089120102760276009
000181707500001	2	10.1162/089120103321337412
000183862100002	2	10.1162/089120103322145306
000185302500004	1	10.1023/A:1025729107628
000207735300008	1	10.1093/llc/fqm042
000207735500003	1	10.1093/llc/fqn021
000207735500006	1	10.1093/llc/fqn018
000209929400004	1	10.1145/2583115
000221116700003	2	10.1162/089120103322753356
000221930200002	1	10.1023/B:CHUM.0000031083.26339.d4
000222533400003	2	10.1162/089120104323093285
000225158900001	2	10.1162/0891201041850894
000235203600003	2	10.1162/089120105775299168
000237100000005	2	10.1007/s10579-005-7885-4
000242286600006	2	10.1007/s10579-006-9010-8
000250442700005	2	10.1007/s10579-007-9018-8
000250467300004	2	10.1007/s10579-007-9024-x
000250467300012	2	10.1007/s10579-007-9026-8
000250722300006	2	10.1007/s10579-007-9044-6
000251759800001	2	10.1162/coli.2007.33.4.443
000254203200001	2	10.1007/s10579-007-9059-z
000254485400003	2	10.1162/coli.2008.34.1.81
000256443500003	2	10.1080/09296170600850601
000258117600002	2	10.1007/s10579-008-9065-9
000258117600008	2	10.1007/s10579-008-9066-8
000260838500002	2	10.1007/s10579-008-9073-9
000261404600005	2	10.1162/coli.08-003-R1-07-044
000272350600002	2	10.1162/coli.2008.07-055-R2-06-29
000272350900001	2	10.1162/coli.08-011-R2-07-021
000276471100008	2	10.1007/s10579-009-9096-x
000279010600010	1	10.1080/13569780802655830
000279055400003	1	10.1080/13569780902868770
000279055400005	1	10.1080/13569780902868820
000279055500005	1	10.1080/13569780903072190
000279055900002	1	10.1080/13569780903480971
000279055900005	1	10.1080/13569780903481037
000279086100002	2	10.1007/s10579-010-9123-y
000281854100002	2	10.1080/09296174.2010.485445
000283191000002	2	10.1007/s10579-009-9108-x
000283876600008	1	10.1080/13569783.2010.512191
000283876600009	1	10.1080/13569783.2010.512192
000284412200001	2	10.1080/09296174.2010.512160
000284412200003	2	10.1080/09296174.2010.512162
000284753400005	1	10.1093/llc/fqn030
000284755400006	1	10.1093/llc/fqp025
000284757100006	1	10.1093/llc/fqp037
000284758900002	1	10.1093/llc/fqq011
000287404800003	1	10.1080/13569783.2011.541600
000287404800005	1	10.1080/13569783.2011.541608
000289850000005	2	10.1007/s10579-011-9137-0
000291063000001	1	10.1093/llc/fqr005
000291063000006	1	10.1093/llc/fqr007
000294122100003	1	10.1093/llc/fqr016
000294122100013	1	10.1093/llc/fqr017
000294295200001	2	10.1162/COLI_a_00058
000294295200003	2	10.1162/COLI_a_00064
000299627600007	1	10.1080/13569783.2011.572370
000301006300006	2	10.1162/COLI_a_00088
000301985600006	1	10.1093/llc/fqr038
000310164600001	2	10.1007/s10579-011-9140-5
000310373700006	1	10.1093/llc/fqs014
000311508200002	2	10.1007/s10579-011-9146-z
000316543200002	1	10.1093/llc/fqs048
000318556900003	2	10.1162/COLI_a_00124
000319473300006	1	10.1093/llc/fqs036
000319473300009	1	10.1093/llc/fqs063
000319473300010	1	10.1093/llc/fqs045
000319473300012	1	10.1093/llc/fqs044
000319566100007	1	10.1080/13569783.2013.787260
000319566100008	1	10.1080/13569783.2013.787264
000319776500011	2	10.1007/s10579-013-9225-4
000323754700015	2	10.1007/s10579-013-9237-0
000325692300009	1	10.1080/13569783.2013.810927
000326867300006	2	10.1080/09296174.2013.830554
000327124700006	2	10.1162/COLI_a_00159
000327244300008	1	10.1093/llc/fqt064
000328213000014	2	10.1007/s10579-013-9238-z
000332150100005	2	10.1162/COLI_a_00168
000333210000005	2	10.1007/s10579-013-9226-3
000333516500007	1	10.1080/13569783.2013.836918
000335779200001	2	10.1007/s10579-013-9245-0
000337081700002	1	10.1093/llc/fqt020
000337244600002	1	10.1080/13569783.2014.895616
000340618500005	2	10.1007/s10579-013-9244-1
000342908000004	1	10.1080/13569783.2014.928007
000345836000007	1	10.1093/llc/fqu028
000345836000008	1	10.1093/llc/fqu024
000350571000003	1	10.1080/13569783.2014.953470
000353049400012	2	10.1162/COLI_a_00216
000356451800009	1	10.1093/llc/fqt041
000356451800010	1	10.1093/llc/fqt030
000356452400001	1	10.1093/llc/fqt065
000357578000002	2	10.1007/s10579-014-9271-6
000357648900003	2	10.1080/09296174.2015.1037157
000359625700004	2	10.1162/COLI_a_00221
000364015200003	1	10.1093/llc/fqu012
000364015200004	1	10.1093/llc/fqu013
000364015200007	1	10.1093/llc/fqt069
000364015200010	1	10.1093/llc/fqu009
000364762000008	1	10.1080/13569783.2015.1060122
000364762000016	1	10.1080/13569783.2015.1059266
000364762000041	1	10.1080/13569783.2015.1059261
000365861900002	1	10.1080/13569783.2015.1068109
000367449700002	1	10.1093/llc/fqv015
000367449700006	1	10.1093/llc/fqv051
000367813400003	2	10.1162/COLI_a_00236
000370863100002	2	10.1007/s10579-015-9318-3
000375471100004	1	10.1080/13569783.2016.1155409
000377898300007	2	10.1007/s10579-015-9325-4
000378144700001	1	10.1093/llc/fqu038
000378144700006	1	10.1093/llc/fqu071
000378144700013	1	10.1093/llc/fqu058
000380128100009	1	10.1080/13569783.2016.1192456
000384763200002	1	10.1093/llc/fqu060
000407360600006	2	10.1007/s10579-016-9357-4
000407647900004	1	10.1145/3097571
000407647900005	1	10.1145/3012288
000411507800006	2	10.1162/COLI_a_00296
000413908800011	1	10.1080/13569783.2017.1358083
000415620500004	2	10.1007/s10579-016-9336-9
000417646400002	2	10.1162/COLI_a_00299
000417904700011	1	10.1093/llc/fqx005
000417907800001	1	10.1093/llc/fqw022
000417907800003	1	10.1093/llc/fqw023
000417907800004	1	10.1093/llc/fqw008
000417907800012	1	10.1093/llc/fqw026
000417909900006	1	10.1093/llc/fqw035
000419453500006	1	10.1145/3040200
000419904800006	1	10.1080/13569783.2017.1396208
000424674500007	2	10.1007/s10579-017-9407-6
000424674500010	2	10.1007/s10579-017-9408-5
000427558800003	2	10.1080/09296174.2017.1343268
000430051300002	1	10.1080/13569783.2018.1438180
000430051300003	1	10.1080/13569783.2018.1439734
000431078900010	1	10.1093/llc/fqx009
000432144400005	2	10.1007/s10579-017-9397-4
000432144400010	2	10.1007/s10579-017-9400-0
000438146000009	1	10.1080/13569783.2018.1474092
000441548800001	2	10.1007/s10579-017-9390-y
000441548800009	2	10.1007/s10579-018-9413-3
000443559100012	1	10.1093/llc/fqx049
000443559100014	1	10.1093/llc/fqx041
000443900000002	1	10.1145/1841317.1841319
000452749800009	1	10.1093/llc/fqy003
000454327700010	2	10.1162/coli_a_00337
000456779800005	1	10.1145/3199669
000086370300004	2	10.1162/089120100561629
000087589500015	1	10.1023/A:1002633105432
000087906500004	2	10.1162/089120100561683
000087906500005	2	10.1162/089120100561692
000165509000003	1	10.1023/A:1026475818476
000167733600003	1	10.1023/A:1002471112790
000167733600005	1	10.1023/A:1002485208039
000169545700004	2	10.1162/089120101750300526
000169648000002	1	10.1023/A:1017569003556
000169648000006	1	10.1023/A:1017941320947
000173575800002	2	10.1162/089120101753342635
000174569000002	1	10.1023/A:1014325032412
000177959300004	2	10.1162/089120102760276018
000180268700007	1	10.1023/A:1021818600001
000183862100001	2	10.1162/089120103322145298
000207735300005	1	10.1093/llc/fqm041
000207735400004	1	10.1093/llc/fqm029
000221930200006	1	10.1023/B:CHUM.0000031185.88395.b1
000225158900004	2	NULL
000225712200002	2	10.1162/0891201042544884
000232471600004	2	10.1162/089120105774321064
000235356800008	2	10.1007/s10579-005-2698-z
000238767600002	2	10.1162/coli.2006.32.2.195
000239022500003	2	10.1007/s10579-006-9000-x
000242377300004	2	10.1162/coli.2006.32.4.527
000250442700004	2	10.1007/s10579-007-9017-9
000250722300004	2	10.1007/s10579-007-9040-x
000254203300003	2	10.1007/s10579-007-9049-1
000257139400003	2	10.1162/coli.2008.34.2.193
000258117600003	2	10.1007/s10579-007-9038-4
000258117600004	2	10.1007/s10579-007-9045-5
000263115800003	2	10.1007/s10579-009-9080-5
000263493700001	2	10.1080/09296170802514146
000266250400003	2	10.1007/s10579-009-9087-y
000269451300004	2	10.1080/09296170902850358
000272466300007	2	10.1162/coli.2009.35.4.35407
000272970700001	2	10.1080/09296170903211469
000275310400003	2	10.1162/coli.2010.36.1.36102
000277771100003	2	10.1080/09296171003643189
000279010600013	1	10.1080/13569780802655863
000279055600003	1	10.1080/13569780903286022
000279055900007	1	10.1080/13569780903481060
000281744900004	2	10.1162/coli_a_00003
000283191000001	2	10.1007/s10579-009-9107-y
000284412200005	2	10.1080/09296174.2010.512168
000284412200006	2	10.1080/09296174.2010.512170
000284755400003	1	10.1093/llc/fqp026
000284757100005	1	10.1093/llc/fqp029
000284757100008	1	10.1093/llc/fqp036
000285382400007	2	10.1162/coli_a_00017
000288801500008	1	10.1093/llc/fqq014
000291029800004	2	10.1162/COLI_a_00052
000291063000007	1	10.1093/llc/fqr010
000293709900008	2	10.1007/s10579-011-9150-3
000296132100001	1	10.1093/llc/fqr034
000298118200003	2	10.1162/COLI_a_00073
000298118200009	2	10.1162/COLI_a_00079
000299555400001	2	10.1080/09296174.2011.608602
000299627900002	1	10.1080/13569783.2011.589993
000301006300001	2	10.1162/COLI_a_00083
000301006300002	2	10.1162/COLI_a_00084
000301985600005	1	10.1093/llc/fqr050
000302289400005	2	10.1007/s10579-011-9175-7
000306100900005	2	10.1162/COLI_a_00126
000307652300004	2	10.1080/09296174.2012.685305
000310164600004	2	10.1007/s10579-010-9130-z
000310164600006	2	10.1007/s10579-011-9143-2
000310373700004	1	10.1093/llc/fqs017
000311172500004	2	10.1162/COLI_a_00111
000311508200006	2	10.1007/s10579-011-9172-x
000313632100002	2	10.1080/09296174.2012.714534
000315204400006	1	10.1080/13569783.2012.756178
000316543200004	1	10.1093/llc/fqs047
000319566100004	1	10.1080/13569783.2013.787256
000319566100005	1	10.1080/13569783.2013.787254
000319776500001	2	10.1007/s10579-012-9179-y
000319776500010	2	10.1007/s10579-013-9222-7
000321607200006	2	10.1080/09296174.2013.799911
000323643100002	1	10.1093/llc/fqs070
000323643100004	1	10.1093/llc/fqs015
000325864800001	2	10.1162/COLI_a_00166
000328213000011	2	10.1007/s10579-013-9233-4
000328213000012	2	10.1007/s10579-013-9234-3
000331599600001	2	10.1080/09296174.2014.882187
000331800800002	1	10.1080/13569783.2013.872432
000331800800010	1	10.1080/13569783.2013.872425
000332150100007	2	10.1162/COLI_a_00170
000334162900006	1	10.1093/llc/fqs074
000337244600010	1	10.1080/13569783.2014.895614
000338196000007	2	10.1162/COLI_a_00177
000341843500003	2	10.1162/COLI_a_00192
000345150100002	2	10.1162/COLI_a_00198
000345836000005	1	10.1093/llc/fqu026
000345836000013	1	10.1093/llc/fqu020
000350571000004	1	10.1080/13569783.2014.985643
000351506600002	2	10.1080/09296174.2014.1001636
000353049400002	2	10.1162/COLI_a_00207
000353049400003	2	10.1162/COLI_a_00217
000357578000004	2	10.1007/s10579-014-9285-0
000358361300005	2	10.1007/s10579-015-9295-6
000364015200005	1	10.1093/llc/fqu004
000364015200008	1	10.1093/llc/fqu006
000364762000004	1	10.1080/13569783.2015.1059260
000364762000040	1	10.1080/13569783.2015.1059263
000365861900003	1	10.1080/13569783.2015.1065726
000367449700017	1	10.1093/llc/fqv014
000373936000001	2	10.1162/COLI_a_00241
000373936000003	2	10.1162/COLI_a_00243
000377898300008	2	10.1007/s10579-015-9333-4
000384451900004	2	10.1162/COLI_a_00255
000385833600010	1	10.1093/llc/fqv003
000385833600013	1	10.1093/llc/fqv002
000388281400005	2	10.1007/s10579-015-9334-3
000388281400010	2	10.1007/s10579-015-9311-x
000393039600005	2	10.1007/s10579-015-9312-9
000396579800015	1	10.1080/13569783.2016.1262250
000398124800006	2	10.1007/s10579-016-9338-7
000398124800007	2	10.1007/s10579-016-9339-6
000398126100014	1	10.1093/llc/fqv053
000399500000004	2	10.1080/09296174.2016.1260275
000399736000007	1	10.1145/3012285
000399736200005	1	10.1145/3051480
000399927200008	1	10.1080/13569783.2017.1286975
000403358700008	2	10.1007/s10579-016-9371-6
000404351100004	1	10.1080/13569783.2017.1326807
000404351100014	1	10.1080/13569783.2017.1326806
000404351100015	1	10.1080/13569783.2017.1326805
000406002800003	1	10.1093/llc/fqv064
000406002800012	1	10.1093/llc/fqv058
000087589500002	1	10.1023/A:1002693207386
000087589500012	1	10.1023/A:1002423406899
000087589500013	1	10.1023/A:1002421902549
000087906500002	2	10.1162/089120100561665
000087906500003	2	10.1162/089120100561674
000167734800003	1	10.1023/A:1002646129893
000176756300002	1	10.1023/A:1016134426453
000177248700004	2	10.1162/089120102760173652
000177980500004	1	10.1023/A:1020260012525
000180120400003	2	10.1162/089120102762671945
000183862100004	2	10.1162/089120103322145324
000185302500005	1	10.1023/A:1025746505971
000207622400009	2	10.1080/09296170701574209
000207735300009	1	10.1093/llc/fqm045
000207735400001	1	10.1093/llc/fqn003
000207735500010	1	10.1093/llc/fqn017
000220741000004	2	10.1162/089120104773633394
000221116700001	2	10.1162/089120103322753338
000221930200001	1	10.1023/B:CHUM.0000031184.28781.47
000225691700002	1	10.1007/s10579-004-8682-1
000225838500001	1	10.1007/s10579-004-1919-1
000225838500002	1	10.1007/s10579-004-1926-2
000225838500003	1	10.1007/s10579-004-1917-3
000228836600003	2	10.1162/0891201053630273
000230227800004	2	10.1162/0891201054223995
000232471600002	2	10.1162/089120105774321091
000238767600001	2	10.1162/coli.2006.32.2.159
000239022500002	2	10.1007/s10579-005-8622-8
000240734900003	2	10.1162/coli.2006.32.3.379
000245549200004	2	10.1162/coli.2007.33.1.41
000250467300009	2	10.1007/s10579-007-9031-y
000251759800005	2	10.1162/coli.2007.33.4.553
000254203200010	2	10.1007/s10579-007-9054-4
000254203300001	2	10.1007/s10579-007-9043-7
000256877500002	2	10.1080/09296170801961801
000258643400009	2	10.1162/coli.2008.34.3.465
000261394600002	2	10.1080/09296170802326657
000263798100001	2	10.1007/s10579-009-9088-x
000266250400002	2	10.1007/s10579-009-9083-2
000271982700003	2	10.1007/s10579-009-9104-1
000274220500003	2	10.1080/09296170903395957
000279055400006	1	10.1080/13569780902868861
000279056000004	1	10.1080/13569781003700078
000279086100004	2	10.1007/s10579-010-9118-8
000284753400008	1	10.1093/llc/fqn035
000284754800008	1	10.1093/llc/fqp021
000284757100003	1	10.1093/llc/fqp033
000284758300001	1	10.1093/llc/fqq004
000285641500008	1	10.1093/llc/fqq018
000288314500005	2	10.1162/coli_a_00037
000288801500007	1	10.1093/llc/fqq029
000293709900002	2	10.1007/s10579-011-9151-2
000294122100007	1	10.1093/llc/fqr022
000294122100012	1	10.1093/llc/fqr015
000298118200005	2	10.1162/COLI_a_00075
000298118200006	2	10.1162/COLI_a_00076
000299627600003	1	10.1080/13569783.2011.566988
000299627600008	1	10.1080/13569783.2011.566993
000299629300004	1	10.1080/13569783.2011.617101
000301006300004	2	10.1162/COLI_a_00086
000301985600002	1	10.1093/llc/fqr049
000301985600004	1	10.1093/llc/fqr043
000302289800004	1	10.1080/13569783.2012.648986
000304174500006	1	10.1080/13569783.2012.670426
000304199900010	1	10.1093/llc/fqs009
000306831700004	1	10.1080/13569783.2012.694033
000306831700006	1	10.1080/13569783.2012.694032
000307651800001	2	10.1080/09296174.2012.659001
000310164600003	2	10.1007/s10579-010-9135-7
000311172500002	2	10.1162/COLI_a_00109
000311508200008	2	10.1007/s10579-012-9193-0
000315648000004	2	10.1162/COLI_a_00134
000316004500007	2	10.1007/s10579-012-9192-1
000317911900005	2	10.1080/09296174.2013.773140
000319473300004	1	10.1093/llc/fqt001
000319566100002	1	10.1080/13569783.2013.787262
000323643100008	1	10.1093/llc/fqs019
000323754700005	2	10.1007/s10579-012-9194-z
000325864800007	2	10.1162/COLI_a_00146
000327124700008	2	10.1162/COLI_a_00162
000327244300003	1	10.1093/llc/fqt032
000327244300013	1	10.1093/llc/fqt060
000328213000002	2	10.1007/s10579-012-9213-0
000328213000013	2	10.1007/s10579-013-9236-1
000328531700004	2	10.1080/09296174.2013.857176
000331800800008	1	10.1080/13569783.2013.872428
000333210000004	2	10.1007/s10579-013-9242-3
000334162900004	1	10.1093/llc/fqt015
000334162900007	1	10.1093/llc/fqt011
000335779200005	2	10.1007/s10579-013-9252-1
000337081700005	1	10.1093/llc/fqt018
000338196000002	2	10.1162/COLI_a_00185
000340618500004	2	10.1007/s10579-013-9253-0
000342908000002	1	10.1080/13569783.2014.928004
000342908000003	1	10.1080/13569783.2014.928005
000345836300006	1	10.1093/llc/fqu056
000346409800001	2	10.1080/09296174.2014.974456
000353049400001	2	10.1162/COLI_a_00206
000355405000009	1	10.1080/13569783.2015.1023786
000356452400009	1	10.1093/llc/fqt045
000361044700003	2	10.1162/COLI_a_00227
000361044700006	2	10.1162/COLI_a_00230
000364762000003	1	10.1080/13569783.2015.1059262
000364762000028	1	10.1080/13569783.2015.1059745
000367448800003	1	10.1093/llc/fqu051
000367449700007	1	10.1093/llc/fqv046
000371746500003	2	10.1080/09296174.2015.1071148
000371922500008	1	10.1080/13569783.2015.1127142
000377898300006	2	10.1007/s10579-016-9356-5
000377898300010	2	10.1007/s10579-016-9355-6
000378040800004	2	10.1162/COLI_a_00248
000378144700003	1	10.1093/llc/fqu047
000380128100006	1	10.1080/13569783.2016.1189822
000384763200013	1	10.1093/llc/fqv006
000385833600005	1	10.1093/llc/fqv009
000386585800010	1	10.1080/13569783.2016.1221310
000388281400006	2	10.1007/s10579-015-9302-y
000388852400004	1	10.1145/2940332
000391726300004	1	10.1145/2964911
000393039600001	2	10.1007/s10579-015-9327-2
000393039600006	2	10.1007/s10579-015-9304-9
000394880300002	2	10.1162/COLI_a_00261
000394880300007	2	10.1162/COLI_a_00266
000395810700007	1	10.1093/llc/fqv022
000396579800003	1	10.1080/13569783.2016.1263558
000398124800011	2	10.1007/s10579-016-9368-1
000398126100009	1	10.1093/llc/fqv033
000399500000006	2	10.1080/09296174.2016.1265800
000399927200009	1	10.1080/13569783.2017.1286978
000403358700007	2	10.1007/s10579-016-9350-y
000384451900002	2	10.1162/COLI_a_00253
000384451900005	2	10.1162/COLI_a_00256
000385615700002	2	10.1080/09296174.2016.1169851
000385616300001	2	10.1080/09296174.2016.1226427
000385616300003	2	10.1080/09296174.2016.1226431
000394880300003	2	10.1162/COLI_a_00262
000394880300006	2	10.1162/COLI_a_00265
000396571200003	2	10.1080/09296174.2016.1260274
000396571200004	2	10.1080/09296174.2016.1226430
000396579800002	1	10.1080/13569783.2016.1263556
000396579800005	1	10.1080/13569783.2016.1263562
000398124800008	2	10.1007/s10579-016-9340-0
000398124800010	2	10.1007/s10579-016-9351-x
000398126100001	1	10.1093/llc/fqv035
000403358700011	2	10.1007/s10579-016-9373-4
000404351100002	1	10.1080/13569783.2017.1324775
000406002800008	1	10.1093/llc/fqv070
000406002800017	1	10.1093/llc/fqv068
000417911000003	1	10.1093/llc/fqx022
000417911000009	1	10.1093/llc/fqx033
000419453500001	1	10.1145/3064419
000419904800003	1	10.1080/13569783.2017.1396889
000430051300009	1	10.1080/13569783.2018.1442211
000431078900004	1	10.1093/llc/fqx002
000434636800001	1	10.1145/3145534
000438146000006	1	10.1080/13569783.2018.1468243
000441548800002	2	10.1007/s10579-018-9414-2
000443560800007	1	10.1093/llc/fqx051
000443560800008	1	10.1093/llc/fqx061
000443560800014	1	10.1093/llc/fqx052
000443560800016	1	10.1093/llc/fqx066
000443900000001	1	10.1145/1841317.1841318
000443901600001	1	10.1145/1805961.1805962
000445216700004	2	10.1162/coli_a_00324
000445216700007	2	10.1162/coli_a_00327
000452749800003	1	10.1093/llc/fqy009
000456779800002	1	10.1145/3127090
000403358700010	2	10.1007/s10579-016-9366-3
000404611300002	2	10.1162/COLI_a_00285
000406002800005	1	10.1093/llc/fqv067
000407360600011	2	10.1007/s10579-016-9377-0
000411504500004	2	10.1080/09296174.2017.1311448
000417904700008	1	10.1093/llc/fqw062
000417904700013	1	10.1093/llc/fqx012
000417907800008	1	10.1093/llc/fqw018
000417909900004	1	10.1093/llc/fqw027
000417911000014	1	10.1093/llc/fqx025
000419453500003	1	10.1145/3051487
000424674500004	2	10.1007/s10579-017-9399-2
000427544200003	2	10.1162/COLI_a_00307
000427558500002	2	10.1080/09296174.2017.1338119
000427558500004	2	10.1080/09296174.2017.1339441
000427558800004	2	10.1080/09296174.2017.1360172
000427558800006	2	10.1080/09296174.2017.1348014
000430051300005	1	10.1080/13569783.2018.1438177
000430051300011	1	10.1080/13569783.2018.1438178
000434636800004	1	10.1145/3127324
000434636800005	1	10.1145/3117801
000443559100003	1	10.1093/llc/fqx008
000443560800004	1	10.1093/llc/fqx055
000443560800006	1	10.1093/llc/fqx058
000444091500007	1	10.1080/13569783.2018.1494559
000448060000002	2	10.1007/s10579-018-9418-y
000452749800007	1	10.1093/llc/fqy006
000454327700001	2	10.1162/coli_a_00328
000454327700011	2	10.1162/coli_a_00338
000457148000006	1	10.1145/3230674
000384763200003	1	10.1093/llc/fqv005
000388281400002	2	10.1007/s10579-015-9323-6
000388281400009	2	10.1007/s10579-015-9307-6
000388852400001	1	10.1145/2872278
000388852400006	1	10.1145/2948069
000391726300001	1	10.1145/2915919
000391726300003	1	10.1145/2943778
000399927200003	1	10.1080/13569783.2017.1286976
000403358700004	2	10.1007/s10579-016-9376-1
000404351100005	1	10.1080/13569783.2017.1326809
000404611300001	2	10.1162/COLI_a_00284
000407360600001	2	10.1007/s10579-016-9343-x
000407360600004	2	10.1007/s10579-017-9392-9
000407360600010	2	10.1007/s10579-016-9364-5
000411504500001	2	10.1080/09296174.2017.1304049
000411507800003	2	10.1162/COLI_a_00293
000413908800003	1	10.1080/13569783.2017.1358082
000413908800012	1	10.1080/13569783.2017.1359085
000417904700010	1	10.1093/llc/fqw049
000417904700012	1	10.1093/llc/fqx006
000417907800002	1	10.1093/llc/fqw024
000417907800010	1	10.1093/llc/fqw017
000417911000006	1	10.1093/llc/fqx026
000417911000007	1	10.1093/llc/fqx039
000417911000016	1	10.1093/llc/fqx014
000424674500008	2	10.1007/s10579-017-9402-y
000425711000003	1	10.1145/3099618
000425711000004	1	10.1145/3084547
000427544200005	2	10.1162/COLI_a_00309
000427558800002	2	10.1080/09296174.2017.1359883
000431078900013	1	10.1093/llc/fqx015
000432144400003	2	10.1007/s10579-017-9404-9
000432144400004	2	10.1007/s10579-017-9389-4
000432144400008	2	10.1007/s10579-017-9382-y
000436132400002	2	10.1162/COLI_a_00315
000445216700003	2	10.1162/coli_a_00323
000448060000003	2	10.1007/s10579-018-9426-y
000452749800005	1	10.1093/llc/fqy001
000452749800010	1	10.1093/llc/fqy014
000457148000002	1	10.1145/3216463
000457148000003	1	10.1145/3230673
000457148000004	1	10.1145/3230675
000407647900006	1	10.1145/3064527
000411504500005	2	10.1080/09296174.2017.1314411
000413908800013	1	10.1080/13569783.2017.1358081
000415620500002	2	10.1007/s10579-016-9361-8
000417907800007	1	10.1093/llc/fqw021
000417907800013	1	10.1093/llc/fqw031
000417911000011	1	10.1093/llc/fqx036
000419904800002	1	10.1080/13569783.2017.1396210
000419904800005	1	10.1080/13569783.2017.1398641
000424674500009	2	10.1007/s10579-017-9398-3
000427558500005	2	10.1080/09296174.2017.1341724
000430051300010	1	10.1080/13569783.2018.1441709
000431078900003	1	10.1093/llc/fqw065
000431078900006	1	10.1093/llc/fqx016
000431078900011	1	10.1093/llc/fqx001
000432144400009	2	10.1007/s10579-017-9385-8
000434636800002	1	10.1145/3092906
000436336500003	2	10.1080/09296174.2017.1371915
000438146000007	1	10.1080/13569783.2018.1477583
000441548800004	2	10.1007/s10579-017-9403-x
000441548800005	2	10.1007/s10579-017-9406-7
000441548800006	2	10.1007/s10579-018-9416-0
000441548800008	2	10.1007/s10579-018-9411-5
000443559100008	1	10.1093/llc/fqx047
000443559100009	1	10.1093/llc/fqx021
000443559100015	1	10.1093/llc/fqx020
000443560800002	1	10.1093/llc/fqx054
000443560800009	1	10.1093/llc/fqx056
000444496900003	2	10.1080/09296174.2017.1390934
000445216700005	2	10.1162/coli_a_00325
000404611300004	2	10.1162/COLI_a_00290
000406002800001	1	10.1093/llc/fqw016
000406002800010	1	10.1093/llc/fqw007
000406002800014	1	10.1093/llc/fqv071
000406002800016	1	10.1093/llc/fqw001
000407360600009	2	10.1007/s10579-016-9365-4
000417907800006	1	10.1093/llc/fqw025
000417909900010	1	10.1093/llc/fqw029
000425711000005	1	10.1145/3064644
000425711000006	1	10.1145/3057929
000427558500003	2	10.1080/09296174.2017.1338121
000427558800001	2	10.1080/09296174.2017.1352478
000431078900012	1	10.1093/llc/fqx007
000438146000003	1	10.1080/13569783.2018.1474093
000443559100001	1	10.1093/llc/fqx050
000443559100002	1	10.1093/llc/fqx034
000443560800001	1	10.1093/llc/fqx064
000443560800013	1	10.1093/llc/fqx043
000443900000003	1	10.1145/1841317.1841320
000444091500008	1	10.1080/13569783.2018.1507730
000444496900002	2	10.1080/09296174.2017.1387961
000448060000005	2	10.1007/s10579-018-9420-4
000086370300002	2	10.1162/089120100561601
000087589500011	1	10.1023/A:1002476823351
000088075200007	1	10.1023/A:1002448312963
000089635700002	2	10.1162/089120100561728
000165509000002	1	10.1023/A:1026594916008
000167733600006	1	10.1023/A:1002681919510
000167734800006	1	10.1023/A:1002751519919
000168871500004	2	10.1162/089120100750105957
000169545700003	2	10.1162/089120101750300517
000169648000004	1	10.1023/A:1017556818634
000171613600003	2	10.1162/089120101317066122
000172594900003	1	NULL
000175684600003	2	10.1162/089120102317341765
000177980500002	1	10.1023/A:1020271707826
000181707500003	2	10.1162/089120103321337430
000184508600003	1	10.1023/A:1025067132504
000184508600006	1	10.1023/A:1025019216574
000184508600007	1	10.1023/A:1025042402655
000185302500003	1	10.1023/A:1025786724466
000186631500006	2	10.1162/089120103322711613
000207622400003	2	10.1080/09296170701378957
000207735300010	1	10.1093/llc/fqm037
000207735500002	1	10.1093/llc/fqn014
000207735500008	1	10.1093/llc/fqn010
000207735600005	1	10.1093/llc/fqn040
000209902300002	1	10.1145/2611376
000221930200004	1	10.1023/B:CHUM.0000031172.03949.48
000225158900002	2	10.1162/0891201041850885
000225691700004	1	10.1007/s10579-004-1110-8
000232471600003	2	10.1162/089120105774321073
000235203600002	2	10.1162/089120105775299122
000235203600004	2	10.1162/089120105775299140
000242377300003	2	10.1162/coli.2006.32.4.485
000245549200002	2	10.1162/coli.2007.33.1.3
000254203200009	2	10.1007/s10579-007-9057-1
000254203300004	2	10.1007/s10579-007-9050-8
000254203300005	2	10.1007/s10579-008-9063-y
000254485400001	2	10.1162/coli.2008.34.1.1
000254485400002	2	10.1162/coli.2008.34.1.35
000256443500001	2	10.1080/09296170600850544
000256592800004	2	10.1080/09296170701794286
000258117600005	2	10.1007/s10579-007-9047-3
000258117600009	2	10.1007/s10579-008-9067-7
000258162700001	2	10.1080/09296170802159439
000263115800001	2	10.1007/s10579-008-9076-6
000263798100002	2	10.1007/s10579-007-9046-4
000266277800003	2	10.1080/09296170902734222
000272350600004	2	10.1162/coli.07-031-R2-06-98
000272466300006	2	10.1162/coli.2009.35.4.35403
000272970700003	2	10.1080/09296170903211501
000277771100005	2	10.1080/09296171003643213
000279056000008	1	10.1080/13569781003700144
000279086100003	2	10.1007/s10579-010-9116-x
000283191000005	2	10.1007/s10579-010-9120-1
000284753400009	1	10.1093/llc/fqn033
000284754800007	1	10.1093/llc/fqp020
000284758900005	1	10.1093/llc/fqq007
000287922900002	2	10.1007/s10579-009-9112-1
000287922900004	2	10.1007/s10579-009-9114-z
000288801500010	1	10.1093/llc/fqq028
000291029800002	2	10.1162/COLI_a_00050
000291029800003	2	10.1162/COLI_a_00051
000291063000002	1	10.1093/llc/fqr001
000291063000003	1	10.1093/llc/fqr004
000291063000005	1	10.1093/llc/fqr006
000294122100008	1	10.1093/llc/fqr031
000296132100004	1	10.1093/llc/fqr026
000299555100001	2	10.1080/09296174.2011.581848
000299629300007	1	10.1080/13569783.2011.617108
000301006300005	2	NULL
000302289400008	2	10.1007/s10579-011-9174-8
000302289800003	1	10.1080/13569783.2012.648985
000304174500002	1	10.1080/13569783.2012.670422
000304199900001	1	10.1093/llc/fqs004
000306100900002	2	10.1162/COLI_a_00096
000306831700008	1	10.1080/13569783.2012.701444
000308083100008	2	10.1162/COLI_a_00108
000310164600005	2	10.1007/s10579-010-9134-8
000310321000003	1	10.1080/13569783.2012.727623
000310321000008	1	10.1080/13569783.2012.727628
000315648000008	2	10.1162/COLI_a_00138
000316543200005	1	10.1093/llc/fqs053
000319566100010	1	10.1080/13569783.2013.787257
000319776500002	2	10.1007/s10579-012-9197-9
000319776500003	2	10.1007/s10579-012-9198-8
000322301300003	2	10.1080/09296174.2012.754597
000323643100006	1	10.1093/llc/fqs054
000323643100011	1	10.1093/llc/fqs071
000323754700004	2	10.1007/s10579-012-9200-5
000323754700014	2	10.1007/s10579-013-9229-0
000325864800002	2	10.1162/COLI_a_00141
000325864800003	2	10.1162/COLI_a_00142
000325864800005	2	10.1162/COLI_a_00144
000328213000005	2	10.1007/s10579-013-9216-5
000328213000006	2	10.1007/s10579-013-9218-3
000331599600002	2	10.1080/09296174.2014.882184
000331599600004	2	10.1080/09296174.2014.882188
000331800800007	1	10.1080/13569783.2013.872434
000332150100009	2	10.1162/COLI_a_00182
000333210000008	2	10.1007/s10579-013-9241-4
000334162900003	1	10.1093/llc/fqt014
000335779200002	2	10.1007/s10579-013-9257-9
000335779200003	2	10.1007/s10579-013-9246-z
000335779200006	2	10.1007/s10579-013-9255-y
000338029100002	2	10.1080/09296174.2014.911506
000341843500002	2	10.1162/COLI_a_00191
000345008700003	1	10.1080/13569783.2014.954812
000345703000004	2	10.1007/s10579-014-9275-2
000345836000011	1	10.1093/llc/fqu021
000345836000015	1	10.1093/llc/fqu015
000345836000017	1	10.1093/llc/fqu019
000346409800002	2	10.1080/09296174.2014.974457
000346409800003	2	10.1080/09296174.2014.974458
000349889400002	2	10.1007/s10579-014-9281-4
000351506600003	2	10.1080/09296174.2014.1001635
000356452400007	1	10.1093/llc/fqt067
000357578000003	2	10.1007/s10579-013-9262-z
000364762000011	1	10.1080/13569783.2015.1059743
000364762000018	1	10.1080/13569783.2015.1059268
000365861900005	1	10.1080/13569783.2015.1065723
000367448800006	1	10.1093/llc/fqu032
000367448800008	1	10.1093/llc/fqu034
000367449700004	1	10.1093/llc/fqv044
000367449700008	1	10.1093/llc/fqv050
000367449700015	1	10.1093/llc/fqv043
000367813400002	2	10.1162/COLI_a_00233
000367813400006	2	10.1162/COLI_a_00239
000371922500006	1	NULL
000373936000002	2	10.1162/COLI_a_00242
000373936000004	2	10.1162/COLI_a_00244
000377898300003	2	10.1007/s10579-015-9324-5
000378040800005	2	10.1162/COLI_a_00249
000384451900007	2	10.1162/COLI_a_00258
000384763200010	1	10.1093/llc/fqu064
000385615700005	2	10.1080/09296174.2016.1169846
000385833600015	1	10.1093/llc/fqv065
000385833600016	1	10.1093/llc/fqw014
000388281400001	2	10.1007/s10579-016-9345-8
000394880300004	2	10.1162/COLI_a_00263
000395810700002	1	10.1093/llc/fqv019
000395810700012	1	10.1093/llc/fqw009
000395810700015	1	10.1093/llc/fqw056
000395810700016	1	10.1093/llc/fqw020
000395810700018	1	10.1093/llc/fqw012
000396579800007	1	10.1080/13569783.2016.1264264
000398126100004	1	10.1093/llc/fqv061
000398126100005	1	10.1093/llc/fqv034
000399736000004	1	10.1145/2983918
000399736200001	1	10.1145/3003435
000399736200006	1	10.1145/3051472
000404351100016	1	10.1080/13569783.2017.1329651
000404351100017	1	10.1080/13569783.2017.1329653
000406002800006	1	10.1093/llc/fqw005
000411504500003	2	10.1080/09296174.2017.1311447
000417904700002	1	10.1093/llc/fqw050
000417904700006	1	10.1093/llc/fqw054
000417911000004	1	10.1093/llc/fqx031
000417911000005	1	10.1093/llc/fqx038
000417911000013	1	NULL
000427558800005	2	10.1080/09296174.2017.1349358
000430051300004	1	10.1080/13569783.2018.1439735
000430051300006	1	10.1080/13569783.2018.1438179
000431078900009	1	10.1093/llc/fqx004
000432144400002	2	10.1007/s10579-017-9401-z
000434636800003	1	10.1145/3131778
000443559100004	1	10.1093/llc/fqx029
000443559100007	1	10.1093/llc/fqx045
000443560800005	1	10.1093/llc/fqx057
000444496900001	2	10.1080/09296174.2017.1373991
000448060000001	2	10.1007/s10579-018-9417-z
000452749800008	1	10.1093/llc/fqy008
000454327700004	2	10.1162/coli_a_00331
000454327700009	2	10.1162/coli_a_00336
000086370300005	2	10.1162/089120100561638
000087589500017	1	10.1023/A:1002439708427
000087589500025	1	10.1023/A:1002613125904
000088075200006	1	10.1023/A:1002644326332
000167733600007	1	10.1023/A:1002632712378
000167734800007	1	10.1023/A:1002787826686
000168872200003	2	NULL
000171613600001	2	10.1162/089120101317066104
000172594900006	1	NULL
000180120400006	2	10.1162/089120102762671972
000181393800004	1	10.1023/A:1022657227889
000187353300002	1	10.1023/B:CHUM.0000009291.06947.52
000207622400001	2	10.1080/09296170701379369
000207622400005	2	10.1080/09296170701378916
000207735500007	1	10.1093/llc/fqn015
000207735600002	1	10.1093/llc/fqn019
000207735600003	1	10.1093/llc/fqn022
000209902600005	1	10.1145/2629514
000209929400003	1	10.1145/2583114
000222533400001	2	10.1162/089120104323093267
000225691700001	1	10.1007/s10579-004-0233-2
000235356800004	2	10.1007/s10579-005-2694-3
000238767600003	2	10.1162/coli.2006.32.2.223
000240734900004	2	10.1162/coli.2006.32.3.417
000245549200003	2	10.1162/coli.2007.33.1.9
000245549200005	2	10.1162/coli.2007.33.1.63
000245549200006	2	10.1162/coli.2007.33.1.105
000250467300002	2	10.1007/s10579-007-9021-0
000250722300005	2	10.1007/s10579-007-9042-8
000254203200003	2	10.1007/s10579-007-9056-2
000254203200004	2	10.1007/s10579-007-9061-5
000254203200011	2	10.1007/s10579-007-9060-6
000256592800005	2	10.1080/09296170701803426
000256877500003	2	10.1080/09296170801961827
000258117600007	2	10.1007/s10579-007-9037-5
000260838500004	2	10.1007/s10579-008-9072-x
000261394600003	2	10.1080/09296170802326681
000261394600004	2	10.1080/09296170802326699
000263115800002	2	10.1007/s10579-008-9079-3
000263798100007	2	10.1007/s10579-009-9082-3
000269913700001	2	10.1007/s10579-009-9081-4
000272350800002	2	10.1162/coli.06-79-prep15
000276471100010	2	10.1007/s10579-009-9102-3
000279010600008	1	10.1080/13569780802655814
000279056000002	1	10.1080/13569781003700045
000279056000003	1	10.1080/13569781003700052
000283876600003	1	10.1080/13569783.2010.512184
000284757100004	1	10.1093/llc/fqp031
000284758300004	1	10.1093/llc/fqq005
000284758900001	1	10.1093/llc/fqq003
000284758900004	1	10.1093/llc/fqq008
000285382400003	2	NULL
000285641500003	1	10.1093/llc/fqq026
000285641500006	1	10.1093/llc/fqq019
000296881000001	2	10.1007/s10579-011-9144-1
000302081800002	2	10.1080/09296174.2011.638792
000302289400006	2	10.1007/s10579-011-9164-x
000306831700009	1	10.1080/13569783.2012.694038
000309134500010	2	10.1007/s10579-012-9189-9
000309469100007	1	10.1093/llc/fqs027
000310164600007	2	10.1007/s10579-011-9139-y
000310321000006	1	10.1080/13569783.2012.727626
000310373700005	1	10.1093/llc/fqs020
000311172500006	2	10.1162/COLI_a_00113
000315648000007	2	10.1162/COLI_a_00137
000316543200007	1	10.1093/llc/fqs051
000319566100003	1	10.1080/13569783.2013.787259
000319776500005	2	10.1007/s10579-012-9204-1
000319776500008	2	10.1007/s10579-013-9223-6
000323643100003	1	10.1093/llc/fqs065
000323643100007	1	10.1093/llc/fqs055
000323643100010	1	10.1093/llc/fqs064
000323754700007	2	10.1007/s10579-012-9210-3
000323754700011	2	10.1007/s10579-012-9212-1
000325692300010	1	10.1080/13569783.2013.810928
000325864800004	2	10.1162/COLI_a_00143
000327244300009	1	10.1093/llc/fqt040
000327244300012	1	10.1093/llc/fqt051
000328213000001	2	10.1007/s10579-012-9211-2
000328213000003	2	10.1007/s10579-012-9214-z
000328213000004	2	10.1007/s10579-013-9215-6
000328213000009	2	10.1007/s10579-013-9228-1
000331599600003	2	10.1080/09296174.2014.882191
000334162900002	1	10.1093/llc/fqt002
000337081700006	1	10.1093/llc/fqt019
000337081700007	1	10.1093/llc/fqt026
000338196000008	2	10.1162/COLI_a_00178
000341843500007	2	10.1162/COLI_a_00196
000342908000006	1	10.1080/13569783.2014.928009
000345008700007	1	10.1080/13569783.2014.954818
000345836000004	1	10.1093/llc/fqu031
000345836000010	1	10.1093/llc/fqu018
000345836000016	1	10.1093/llc/fqu023
000349889400003	2	10.1007/s10579-014-9293-0
000350571000002	1	10.1080/13569783.2014.975109
000351506600004	2	10.1080/09296174.2014.1001637
000351506600005	2	10.1080/09296174.2014.1001638
000353049400005	2	10.1162/COLI_a_00210
000355405000003	1	10.1080/13569783.2015.1022144
000356451800002	1	10.1093/llc/fqt036
000356452400002	1	10.1093/llc/fqt066
000356452400004	1	10.1093/llc/fqt063
000357648900004	2	10.1080/09296174.2015.1037158
000358361300004	2	10.1007/s10579-015-9303-x
000358361300006	2	10.1007/s10579-015-9309-4
000364015200009	1	10.1093/llc/fqu001
000364230000005	2	10.1007/s10579-015-9310-y
000364762000007	1	10.1080/13569783.2015.1059747
000364762000027	1	10.1080/13569783.2015.1060121
000367448800002	1	10.1093/llc/fqu039
000377898300002	2	10.1007/s10579-016-9352-9
000377898300004	2	10.1007/s10579-016-9354-7
000378144700004	1	10.1093/llc/fqu059
000380128100002	1	10.1080/13569783.2016.1195121
000384763200009	1	10.1093/llc/fqv008
000386585800006	1	10.1080/13569783.2016.1220250
000394880300005	2	10.1162/COLI_a_00264
000395810700001	1	10.1093/llc/fqv018
000396579800006	1	10.1080/13569783.2016.1263559
000398126100002	1	10.1093/llc/fqv054
000398796800001	2	10.1162/COLI_a_00273
000399500000002	2	10.1080/09296174.2016.1265794
000399500000005	2	10.1080/09296174.2016.1263786
000399500000007	2	10.1080/09296174.2016.1265793
000399736000003	1	10.1145/3004457
000399927200010	1	10.1080/13569783.2017.1293513
000407360600005	2	10.1007/s10579-016-9374-3
000407360600007	2	10.1007/s10579-016-9370-7
000415620500006	2	10.1007/s10579-016-9363-6
000417904700007	1	10.1093/llc/fqw048
000417907800011	1	10.1093/llc/fqw019
000424674500006	2	10.1007/s10579-017-9387-6
000424674500011	2	10.1007/s10579-017-9396-5
000427544200002	2	10.1162/COLI_a_00306
000432144400011	2	10.1007/s10579-017-9394-7
000436132400004	2	10.1162/COLI_a_00317
000436336500004	2	10.1080/09296174.2017.1373510
000438146000005	1	10.1080/13569783.2018.1473758
000438146000008	1	10.1080/13569783.2018.1476131
000441548800003	2	10.1007/s10579-018-9415-1
000443560800003	1	10.1093/llc/fqx059
000443560800012	1	10.1093/llc/fqx065
000443900000004	1	10.1145/1841317.1841321
000445216700006	2	10.1162/coli_a_00326
000452749800002	1	10.1093/llc/fqy004
000452749800006	1	10.1093/llc/fqy011
000452749800011	1	10.1093/llc/fqy016
000087589500006	1	10.1023/A:1002407003264
000087589500020	1	10.1023/A:1002674829964
000087589500024	1	10.1023/A:1002471322828
000167733600004	1	10.1023/A:1002433904577
000168871500003	2	10.1162/089120100750105948
000168872200001	2	10.1162/089120101300346787
000169648000005	1	10.1023/A:1017549100097
000176756300003	1	10.1023/A:1016182301378
000180120400005	2	10.1162/089120102762671963
000187353300005	1	10.1023/B:CHUM.0000009226.51168.47
000207622400007	2	10.1080/09296170701514189
000207735500004	1	10.1093/llc/fqn016
000230227800003	2	10.1162/0891201054223968
000238767600005	2	10.1162/coli.2006.32.2.273
000244448000001	2	10.1007/s10579-006-9004-6
000250467300011	2	10.1007/s10579-007-9020-1
000250722300003	2	10.1007/s10579-007-9035-7
000254203200008	2	10.1007/s10579-007-9051-7
000257139400005	2	10.1162/coli.2008.34.2.257
000261394600001	2	10.1080/09296170802326640
000266250400005	2	10.1007/s10579-009-9086-z
000269913700002	2	10.1007/s10579-009-9089-9
000272350600005	2	10.1162/coli.08-010-R1-07-048
000272350800004	2	10.1162/coli.06-69-prep5
000272350800005	2	10.1162/coli.06-78-prep14
000272350900004	2	10.1162/coli.08-032-R1-06-96
000272466300009	2	10.1162/coli.2009.35.4.35406
000279010600004	1	10.1080/13569780802655764
000279010600006	1	10.1080/13569780802655780
000279010600011	1	10.1080/13569780802655848
000279055600002	1	10.1080/13569780903285982
000279056000006	1	10.1080/13569781003700094
000279056000007	1	10.1080/13569781003700110
000281401300006	1	10.1080/13569783.2010.495272
000281744900002	2	10.1162/coli_a_00001
000281744900008	2	10.1162/coli_a_00006
000281744900010	2	10.1162/coli_a_00010
000281854100004	2	10.1080/09296174.2010.485450
000283191000003	2	10.1007/s10579-009-9109-9
000283191000004	2	10.1007/s10579-009-9110-3
000284753400010	1	10.1093/llc/fqn039
000284754100003	1	10.1093/llc/fqp008
000284754100007	1	10.1093/llc/fqp005
000285382400005	2	10.1162/coli_a_00015
000285382400006	2	10.1162/coli_a_00016
000287710000005	2	10.1080/09296174.2011.533592
000294122100011	1	10.1093/llc/fqr028
000296132100003	1	10.1093/llc/fqr009
000296132100005	1	10.1093/llc/fqr013
000296881000004	2	10.1007/s10579-011-9142-3
000298118200008	2	10.1162/COLI_a_00078
000302289400002	2	10.1007/s10579-011-9162-z
000302289400003	2	10.1007/s10579-011-9160-1
000302289400007	2	10.1007/s10579-011-9163-y
000304199900005	1	10.1093/llc/fqs003
000308083100007	2	10.1162/COLI_a_00107
000309134500002	2	10.1007/s10579-011-9165-9
000309134500008	2	10.1007/s10579-012-9183-2
000310321000007	1	10.1080/13569783.2012.727627
000313632100004	2	10.1080/09296174.2012.714538
000316004500002	2	10.1007/s10579-012-9176-1
000316004500005	2	10.1007/s10579-012-9180-5
000316543200006	1	10.1093/llc/fqs050
000316543200009	1	10.1093/llc/fqs052
000316543200011	1	10.1093/llc/fqs057
000317911900001	2	10.1080/09296174.2013.773136
000318556900001	2	10.1162/COLI_a_00122
000318556900005	2	10.1162/COLI_a_00127
000319473300008	1	10.1093/llc/fqs040
000319473300014	1	10.1093/llc/fqs077
000319473300017	1	10.1093/llc/fqs046
000322301300001	2	10.1080/09296174.2012.754596
000323754700002	2	10.1007/s10579-012-9205-0
000323754700006	2	10.1007/s10579-012-9201-4
000323754700013	2	10.1007/s10579-012-9207-y
000325692300007	1	10.1080/13569783.2013.810924
000327124700001	2	10.1162/COLI_a_00171
000327124700003	2	10.1162/COLI_a_00152
000327124700004	2	10.1162/COLI_a_00153
000327124700007	2	10.1162/COLI_a_00160
000327244300014	1	10.1093/llc/fqt057
000327244300021	1	10.1093/llc/fqt059
000328213000015	2	10.1007/s10579-013-9240-5
000331599600005	2	10.1080/09296174.2014.882186
000331800800001	1	10.1080/13569783.2013.872429
000332150100003	2	10.1162/COLI_a_00164
000332150100004	2	10.1162/COLI_a_00167
000332150100006	2	10.1162/COLI_a_00169
000333210000003	2	10.1007/s10579-013-9260-1
000333210000007	2	10.1007/s10579-013-9251-2
000333516500004	1	10.1080/13569783.2013.836920
000337081700001	1	10.1093/llc/fqt028
000337081700004	1	10.1093/llc/fqt021
000337081700008	1	10.1093/llc/fqt034
000341015900001	2	10.1080/09296174.2014.944327
000345008700005	1	10.1080/13569783.2014.954817
000345150100005	2	10.1162/COLI_a_00202
000345836000012	1	10.1093/llc/fqu017
000345836300007	1	10.1093/llc/fqu055
000353049400011	2	10.1162/COLI_a_00215
000355405000014	1	10.1080/13569783.2015.1019445
000356451800005	1	10.1093/llc/fqt033
000357578000008	2	10.1007/s10579-014-9280-5
000357578000009	2	10.1007/s10579-014-9276-1
000358361300003	2	10.1007/s10579-014-9274-3
000364230000002	2	10.1007/s10579-014-9292-1
000364230000004	2	10.1007/s10579-015-9315-6
000364762000017	1	10.1080/13569783.2015.1059741
000367448800005	1	10.1093/llc/fqu035
000367449700010	1	10.1093/llc/fqv040
000370863100006	2	10.1007/s10579-015-9319-2
000377898300009	2	10.1007/s10579-016-9353-8
000378144700010	1	10.1093/llc/fqu052
000380128100003	1	10.1080/13569783.2016.1195120
000384763200001	1	10.1093/llc/fqu066
000386585800009	1	10.1080/13569783.2016.1220244
000388281400003	2	10.1007/s10579-015-9300-0
000388281400008	2	10.1007/s10579-016-9342-y
000395810700003	1	10.1093/llc/fqv017
000395810700006	1	10.1093/llc/fqv027
000396571200002	2	10.1080/09296174.2016.1169847
000396579800009	1	10.1080/13569783.2016.1263555
000404351100012	1	10.1080/13569783.2017.1326808
000406002800002	1	10.1093/llc/fqv072
000406002800007	1	10.1093/llc/fqv066
000406002800011	1	10.1093/llc/fqv063
000415620500005	2	10.1007/s10579-016-9360-9
000417907800009	1	10.1093/llc/fqw030
000417909900001	1	10.1093/llc/fqw041
000417909900002	1	10.1093/llc/fqw036
000417909900007	1	10.1093/llc/fqw039
000417909900009	1	10.1093/llc/fqw028
000417909900012	1	10.1093/llc/fqw057
000419453500005	1	10.1145/3084546
000419904800007	1	10.1080/13569783.2017.1399054
000419904800009	1	10.1080/13569783.2017.1396211
000424674500001	2	10.1007/s10579-017-9393-8
000424674500003	2	10.1007/s10579-017-9379-6
000424674500005	2	10.1007/s10579-017-9383-x
000427544200001	2	10.1162/COLI_a_00313
000431078900002	1	10.1093/llc/fqw061
000431078900007	1	10.1093/llc/fqx011
000436132400001	2	10.1162/COLI_a_00314
000438146000002	1	10.1080/13569783.2018.1474094
000438146000010	1	10.1080/13569783.2018.1468242
000443559100013	1	10.1093/llc/fqx046
000443560800011	1	10.1093/llc/fqx062
000444091500002	1	10.1080/13569783.2018.1494558
000452749800001	1	10.1093/llc/fqy002
000457148000007	1	10.1145/3230672